CustomerID,NumberOfTrips,NumberOfPersonVisiting,Age,TypeofContact,CityTier,DurationOfPitch,Occupation,Gender,NumberOfFollowups,ProductPitched,PreferredPropertyStar,MaritalStatus,Passport,PitchSatisfactionScore,OwnCar,NumberOfChildrenVisiting,Designation,MonthlyIncome,,
200000,1,3,41,Self Enquiry,3,6,Salaried,Female,3,Deluxe,3,Single,1,2,1,0,Manager,20993,,
200002,7,3,37,Self Enquiry,1,8,Free Lancer,Male,4,Basic,3,Single,1,3,0,0,Executive,17090,,
200014,6,2,28,Self Enquiry,1,30,Salaried,Male,4,Basic,3,Single,1,2,0,0,Executive,17028,,
200024,3,2,34,Self Enquiry,1,12,Small Business,Male,3,Basic,5,Single,0,2,1,1,Executive,17960,,
200033,4,2,39,Self Enquiry,3,11,Large Business,Male,3,Deluxe,3,Divorced,0,2,0,1,Manager,17086,,
200034,3,3,24,Self Enquiry,1,6,Small Business,Male,3,Basic,3,Divorced,1,3,1,2,Executive,17293,,
200036,2,2,50,Self Enquiry,3,9,Small Business,Male,4,Basic,3,Divorced,1,4,0,0,Executive,17683,,
200042,2,2,26,Self Enquiry,1,31,Salaried,Male,5,Basic,3,Single,0,2,1,1,Executive,17293,,
200045,2,2,41,Self Enquiry,1,18,Large Business,Female,3,King,3,Divorced,0,4,1,0,VP,34545,,
200050,1,3,48,Self Enquiry,1,6,Salaried,Male,4,Standard,3,Single,1,5,0,2,Senior Manager,20381,,
200089,2,3,46,Self Enquiry,3,15,Small Business,Male,4,Standard,3,Unmarried,0,5,0,1,Senior Manager,24619,,
200100,5,3,37,Self Enquiry,2,12,Salaried,Male,3,Basic,5,Married,1,2,1,0,Executive,17073,,
200102,2,3,20,Company Invited,1,12,Salaried,Female,4,Basic,3,Single,1,2,1,1,Executive,17926,,
200107,2,2,25,Self Enquiry,3,11,Small Business,Male,4,Deluxe,3,Single,1,3,1,0,Manager,20744,,
200111,2,3,34,Company Invited,1,13,Salaried,Male,5,Deluxe,3,Single,1,5,1,1,Manager,21074,,
200124,5,3,31,Self Enquiry,3,12,Salaried,Male,5,Deluxe,3,Divorced,1,3,1,1,Manager,21172,,
200126,2,3,58,Self Enquiry,1,29,Small Business,Female,3,Standard,3,Divorced,0,3,1,0,Senior Manager,25312,,
200127,2,2,19,Self Enquiry,3,28,Small Business,Male,3,Basic,3,Single,1,2,0,1,Executive,16675,,
200136,3,2,51,Company Invited,1,14,Salaried,Male,5,Standard,3,Unmarried,0,2,0,1,Senior Manager,25650,,
200171,1,3,19,Company Invited,3,6,Large Business,Female,5,Basic,5,Single,0,3,1,1,Executive,17325,,
200177,2,2,19,Self Enquiry,1,8,Salaried,Male,4,Basic,3,Single,0,5,0,0,Executive,16102,,
200182,2,3,41,Self Enquiry,3,26,Small Business,Female,3,Basic,4,Single,1,4,0,2,Executive,18140,,
200192,4,2,35,Self Enquiry,1,29,Salaried,Male,4,Deluxe,3,Divorced,1,4,1,1,Manager,20916,,
200204,1,3,38,Self Enquiry,1,35,Small Business,Male,3,Deluxe,5,Divorced,1,3,0,1,Manager,21673,,
200205,2,2,29,Self Enquiry,3,33,Small Business,Female,3,Standard,3,Divorced,0,3,1,1,Senior Manager,22639,,
200210,2,2,32,Self Enquiry,3,10,Small Business,Male,5,Standard,3,Divorced,0,2,1,1,Senior Manager,25400,,
200214,6,2,30,Self Enquiry,1,9,Large Business,Female,3,Basic,5,Single,1,4,1,1,Executive,17657,,
200216,6,2,30,Company Invited,3,32,Small Business,Female,4,Deluxe,5,Unmarried,0,2,0,1,Manager,21696,,
200217,1,2,29,Self Enquiry,1,6,Large Business,Male,3,Basic,3,Single,0,2,0,0,Executive,17058,,
200229,2,2,29,Self Enquiry,1,24,Small Business,Male,4,Basic,3,Single,1,3,0,1,Executive,17389,,
200234,6,2,33,Self Enquiry,1,20,Small Business,Male,3,Basic,3,Divorced,1,2,0,1,Executive,17436,,
200236,1,2,33,Self Enquiry,1,8,Salaried,Female,3,Basic,5,Divorced,0,3,1,0,Executive,17707,,
200250,7,3,37,Company Invited,1,16,Small Business,Male,3,Standard,3,Married,0,3,1,2,Senior Manager,25048,,
200271,2,2,47,Company Invited,1,35,Salaried,Male,3,Standard,4,Divorced,1,3,1,0,Senior Manager,26849,,
200286,4,2,44,Company Invited,1,30,Salaried,Male,3,Basic,3,Married,1,5,0,1,Executive,18161,,
200288,3,2,26,Self Enquiry,1,22,Small Business,Male,3,Basic,4,Married,1,2,1,1,Executive,17373,,
200293,2,2,26,Self Enquiry,3,10,Small Business,Male,4,Deluxe,3,Single,1,2,1,1,Manager,20828,,
200296,2,2,18,Self Enquiry,1,9,Salaried,Male,3,Basic,3,Single,0,4,0,0,Executive,16420,,
200327,5,2,39,Self Enquiry,3,9,Small Business,Female,3,Deluxe,3,Divorced,1,4,1,1,Manager,20238,,
200336,2,3,29,Self Enquiry,1,14,Salaried,Male,5,Basic,5,Divorced,1,3,1,1,Executive,17119,,
200357,2,2,21,Company Invited,3,6,Large Business,Female,4,Basic,4,Single,1,5,1,1,Executive,17174,,
200363,2,2,33,Self Enquiry,3,11,Small Business,Female,3,Basic,3,Single,1,2,1,0,Executive,17851,,
200366,2,2,41,Company Invited,3,10,Small Business,Male,3,Deluxe,4,Unmarried,0,3,1,0,Manager,24355,,
200368,3,3,40,Self Enquiry,3,28,Small Business,Male,4,Deluxe,3,Divorced,1,3,1,1,Manager,21380,,
200370,2,2,21,Self Enquiry,3,18,Salaried,Female,2,Basic,4,Single,0,5,0,1,Executive,17716,,
200378,1,3,34,Company Invited,3,25,Small Business,Male,2,Deluxe,3,Single,1,2,1,2,Manager,20304,,
200382,1,3,26,Company Invited,1,9,Large Business,Male,3,Basic,5,Single,0,3,0,2,Executive,18102,,
200414,2,3,24,Self Enquiry,3,6,Large Business,Female,3,Basic,4,Single,1,4,1,2,Executive,18202,,
200415,1,2,34,Company Invited,3,12,Small Business,Female,5,Basic,3,Married,0,4,1,1,Executive,17351,,
200421,6,3,29,Self Enquiry,1,31,Large Business,Female,4,Basic,4,Divorced,0,3,0,2,Executive,17546,,
200422,2,2,19,Self Enquiry,2,8,Large Business,Male,4,Basic,3,Single,0,3,1,1,Executive,17564,,
200435,1,2,33,Self Enquiry,1,21,Small Business,Male,3,Standard,3,Divorced,1,5,0,0,Senior Manager,28610,,
200439,4,3,31,Company Invited,1,26,Salaried,Male,3,Standard,3,Divorced,0,3,1,0,Senior Manager,24824,,
200440,1,2,34,Company Invited,2,29,Salaried,Female,3,Standard,5,Married,1,3,1,0,Senior Manager,24950,,
200453,1,2,26,Company Invited,2,23,Salaried,Female,3,Basic,3,Married,1,5,0,1,Executive,17741,,
200457,2,3,18,Company Invited,3,11,Small Business,Male,3,Basic,4,Single,1,4,1,2,Executive,16878,,
200463,2,3,26,Self Enquiry,1,30,Large Business,Male,5,Basic,3,Single,1,3,1,2,Executive,17340,,
200479,2,2,24,Company Invited,1,13,Salaried,Female,3,Basic,3,Divorced,1,4,0,0,Executive,17886,,
200480,2,3,30,Company Invited,3,18,Salaried,Male,4,Basic,5,Divorced,0,5,1,0,Executive,17033,,
200495,1,2,27,Self Enquiry,3,8,Small Business,Male,3,Basic,5,Married,0,5,0,1,Executive,18041,,
200513,2,2,20,Self Enquiry,1,16,Small Business,Male,3,Basic,3,Single,1,5,0,0,Executive,16009,,
200514,2,3,33,Company Invited,1,9,Salaried,Male,3,Basic,5,Single,1,5,1,2,Executive,18348,,
200528,4,2,50,Company Invited,3,14,Large Business,Male,3,Deluxe,3,Divorced,1,5,1,0,Manager,21796,,
200540,1,3,28,Self Enquiry,1,6,Salaried,Female,5,Basic,4,Single,1,2,1,0,Executive,17216,,
200547,7,2,42,Company Invited,1,25,Small Business,Male,2,Basic,3,Married,1,3,1,1,Executive,17759,,
200562,2,3,33,Self Enquiry,1,6,Salaried,Male,3,Basic,3,Single,1,3,1,0,Executive,17686,,
200566,5,3,47,Company Invited,3,33,Salaried,Female,1,Deluxe,3,Unmarried,1,4,1,2,Manager,21397,,
200573,7,2,26,Self Enquiry,3,14,Large Business,Male,4,Deluxe,5,Single,0,3,1,1,Manager,20326,,
200585,2,3,23,Self Enquiry,1,12,Salaried,Male,1,Basic,5,Divorced,1,3,1,2,Executive,16601,,
200589,2,2,29,Self Enquiry,1,6,Salaried,Female,4,Basic,5,Divorced,1,2,0,0,Executive,17319,,
200591,6,3,33,Self Enquiry,3,22,Small Business,Female,3,Deluxe,5,Single,0,3,1,0,Manager,20324,,
200595,1,2,58,Self Enquiry,1,8,Salaried,Male,3,King,4,Single,1,3,1,1,VP,34246,,
200607,2,2,49,Self Enquiry,3,17,Small Business,Female,3,Standard,3,Divorced,0,4,0,1,Senior Manager,22654,,
200608,5,2,55,Self Enquiry,3,8,Small Business,Male,3,Deluxe,3,Single,0,2,0,1,Manager,20160,,
200614,2,2,26,Company Invited,1,11,Small Business,Female,4,Basic,3,Divorced,1,2,0,1,Executive,17366,,
200636,2,3,35,Company Invited,1,31,Salaried,Female,3,Basic,4,Married,1,3,0,0,Executive,17022,,
200645,7,2,29,Self Enquiry,3,6,Small Business,Female,4,Basic,3,Married,1,2,0,1,Executive,17800,,
200656,2,2,32,Self Enquiry,1,31,Salaried,Male,3,Basic,3,Single,1,5,1,0,Executive,17795,,
200660,1,2,58,Company Invited,1,8,Salaried,Male,4,Basic,3,Married,1,2,0,0,Executive,17380,,
200662,2,2,20,Self Enquiry,3,8,Small Business,Female,4,Basic,3,Single,0,4,0,1,Executive,17044,,
200663,2,3,21,Self Enquiry,1,24,Salaried,Female,3,Basic,3,Single,0,3,1,1,Executive,17693,,
200667,5,2,41,Self Enquiry,1,8,Salaried,Female,5,Basic,3,Married,1,3,0,0,Executive,17778,,
200669,1,3,39,Self Enquiry,1,12,Small Business,Male,3,Basic,5,Divorced,1,2,1,1,Executive,17404,,
200683,2,2,25,Self Enquiry,3,25,Small Business,Male,4,Basic,4,Divorced,1,2,0,0,Executive,17413,,
200688,2,2,19,Self Enquiry,3,27,Salaried,Male,4,Basic,4,Single,1,2,0,1,Executive,17121,,
200689,2,2,20,Self Enquiry,1,10,Large Business,Male,3,Basic,5,Single,0,3,1,1,Executive,17973,,
200693,2,2,36,Self Enquiry,3,9,Salaried,Male,4,Standard,3,Divorced,1,2,1,0,Senior Manager,25325,,
200695,6,2,37,Self Enquiry,3,6,Salaried,Male,4,Standard,3,Divorced,0,2,1,1,Senior Manager,25609,,
200700,5,2,58,Self Enquiry,1,8,Large Business,Male,3,Basic,3,Single,0,2,1,1,Executive,17479,,
200706,5,3,40,Company Invited,3,30,Salaried,Female,1,Super Deluxe,4,Unmarried,1,3,1,2,AVP,28194,,
200709,1,2,31,Company Invited,1,15,Small Business,Male,4,Basic,5,Single,1,3,1,0,Executive,17321,,
200711,7,3,29,Self Enquiry,1,16,Salaried,Female,4,Basic,5,Single,1,5,1,1,Executive,17404,,
200720,5,2,30,Self Enquiry,1,28,Salaried,Female,3,Basic,3,Divorced,1,2,0,1,Executive,17132,,
200731,2,3,20,Self Enquiry,1,17,Small Business,Female,4,Basic,5,Single,1,3,0,1,Executive,17600,,
200732,1,2,30,Company Invited,1,11,Small Business,Female,3,Basic,4,Single,0,3,0,0,Executive,17422,,
200752,2,2,36,Self Enquiry,1,22,Salaried,Female,1,Basic,5,Single,0,2,1,0,Executive,17743,,
200762,7,2,26,Company Invited,1,8,Salaried,Male,3,Basic,5,Divorced,1,5,1,0,Executive,17042,,
200776,2,2,20,Company Invited,3,15,Small Business,Female,3,Basic,3,Single,1,4,0,0,Executive,17323,,
200777,2,2,21,Self Enquiry,1,16,Salaried,Female,4,Basic,5,Single,0,3,1,0,Executive,16416,,
200779,1,2,51,Self Enquiry,1,10,Salaried,Male,3,Basic,3,Divorced,1,2,1,1,Executive,17461,,
200780,2,3,28,Company Invited,1,30,Large Business,Male,4,Standard,5,Unmarried,0,2,0,0,Senior Manager,23722,,
200789,1,3,44,Self Enquiry,2,6,Small Business,Male,4,Standard,5,Divorced,0,4,1,0,Senior Manager,25482,,
200791,1,2,35,Self Enquiry,3,10,Large Business,Male,3,Standard,5,Unmarried,1,4,1,1,Senior Manager,24582,,
200797,2,2,26,Self Enquiry,1,27,Small Business,Male,3,Basic,3,Married,0,5,1,1,Executive,17377,,
200798,5,2,33,Self Enquiry,1,31,Small Business,Male,4,Basic,4,Single,1,4,0,0,Executive,17313,,
200800,2,2,28,Company Invited,1,6,Small Business,Male,4,Basic,4,Married,0,4,0,0,Executive,17596,,
200813,1,2,39,Company Invited,1,8,Salaried,Male,3,Super Deluxe,3,Married,0,3,1,0,AVP,27169,,
200828,2,3,18,Company Invited,1,14,Small Business,Male,3,Basic,3,Single,0,5,0,0,Executive,16904,,
200829,1,3,33,Self Enquiry,3,15,Small Business,Female,3,Deluxe,5,Unmarried,1,3,0,1,Manager,23224,,
200831,2,3,31,Company Invited,1,21,Small Business,Male,3,Basic,3,Divorced,0,4,1,2,Executive,17610,,
200836,2,2,29,Self Enquiry,3,29,Salaried,Female,4,Standard,5,Divorced,0,3,0,0,Senior Manager,22336,,
200838,1,2,42,Company Invited,3,18,Salaried,Male,3,Super Deluxe,5,Single,1,5,1,1,AVP,28758,,
200842,2,3,28,Self Enquiry,1,18,Salaried,Female,3,Basic,3,Divorced,1,4,1,0,Executive,17515,,
200849,1,2,43,Self Enquiry,3,15,Small Business,Female,5,Deluxe,3,Single,0,2,1,1,Manager,20346,,
200857,2,3,44,Self Enquiry,1,16,Salaried,Male,3,Basic,3,Single,1,3,1,2,Executive,17936,,
200860,1,2,22,Company Invited,1,9,Salaried,Male,4,Basic,3,Divorced,1,3,0,0,Executive,17853,,
200864,7,3,41,Company Invited,1,11,Salaried,Male,4,Basic,5,Married,0,3,1,0,Executive,17107,,
200871,2,3,24,Self Enquiry,1,23,Salaried,Female,3,Basic,4,Divorced,0,2,0,1,Executive,17210,,
200892,2,3,19,Company Invited,1,16,Small Business,Female,4,Basic,4,Single,1,5,1,1,Executive,16859,,
200911,2,3,25,Company Invited,3,30,Salaried,Male,5,Basic,3,Single,1,1,1,1,Executive,16118,,
200913,3,3,45,Self Enquiry,3,8,Small Business,Female,5,King,4,Single,1,5,0,2,VP,33824,,
200915,2,2,21,Company Invited,1,16,Salaried,Female,4,Basic,3,Single,0,4,1,0,Executive,17625,,
200928,2,3,44,Self Enquiry,1,21,Small Business,Female,3,Standard,3,Divorced,0,3,0,1,Senior Manager,22978,,
200932,4,2,29,Self Enquiry,1,13,Large Business,Female,3,Basic,3,Married,1,4,1,1,Executive,18339,,
200946,3,2,40,Self Enquiry,3,31,Small Business,Male,4,Standard,4,Unmarried,1,5,0,1,Senior Manager,24094,,
200947,1,3,52,Self Enquiry,3,11,Salaried,Male,3,Standard,4,Unmarried,1,4,1,1,Senior Manager,23446,,
200952,2,2,31,Company Invited,3,6,Salaried,Female,3,Basic,4,Single,1,5,1,1,Executive,17302,,
200953,5,2,44,Self Enquiry,1,9,Salaried,Male,3,Basic,5,Divorced,0,5,1,1,Executive,17362,,
200966,1,2,58,Self Enquiry,1,13,Small Business,Female,4,Standard,5,Divorced,1,4,1,0,Senior Manager,25008,,
200975,7,2,55,Self Enquiry,3,19,Small Business,Male,1,Super Deluxe,3,Single,1,3,1,1,AVP,28695,,
200980,1,2,31,Company Invited,3,8,Salaried,Female,4,Basic,3,Single,0,5,0,1,Executive,17785,,
200985,2,3,31,Self Enquiry,1,28,Small Business,Male,3,Deluxe,3,Divorced,1,5,1,0,Manager,21179,,
200997,2,2,27,Self Enquiry,1,23,Salaried,Female,3,Basic,3,Single,1,5,1,0,Executive,17394,,
201007,1,2,29,Company Invited,1,20,Salaried,Female,3,Standard,3,Unmarried,1,5,1,0,Senior Manager,22553,,
201012,2,2,31,Company Invited,3,6,Salaried,Female,5,Basic,3,Single,0,3,1,1,Executive,16359,,
201016,2,2,31,Self Enquiry,1,14,Salaried,Female,4,Basic,4,Single,0,4,0,1,Executive,16261,,
201031,5,2,46,Self Enquiry,3,15,Small Business,Male,3,Standard,3,Married,0,3,0,1,Senior Manager,25096,,
201033,2,3,31,Company Invited,1,6,Salaried,Female,1,Standard,4,Unmarried,0,3,1,2,Senior Manager,22446,,
201039,2,2,34,Self Enquiry,2,15,Large Business,Female,3,Basic,3,Divorced,0,1,1,0,Executive,17742,,
201056,4,3,28,Company Invited,3,6,Large Business,Male,3,Basic,3,Divorced,0,3,1,0,Executive,17909,,
201057,6,2,29,Company Invited,3,19,Large Business,Female,3,Deluxe,4,Single,0,3,0,1,Manager,20765,,
201060,3,2,24,Company Invited,1,15,Small Business,Male,3,Basic,5,Single,1,3,0,1,Executive,18172,,
201068,1,2,28,Company Invited,1,8,Small Business,Male,4,Basic,5,Single,0,4,0,0,Executive,17561,,
201077,7,3,29,Self Enquiry,1,6,Large Business,Male,4,Basic,5,Single,0,3,0,2,Executive,17362,,
201083,4,2,40,Self Enquiry,1,15,Salaried,Male,3,Basic,5,Single,0,1,1,1,Executive,17018,,
201106,2,3,30,Self Enquiry,3,6,Salaried,Male,4,Deluxe,5,Married,0,4,1,1,Manager,24714,,
201110,2,3,35,Self Enquiry,1,8,Salaried,Female,3,Basic,5,Married,1,1,1,1,Executive,17074,,
201111,1,3,53,Self Enquiry,1,8,Large Business,Female,4,Standard,3,Married,0,5,1,2,Senior Manager,25169,,
201136,2,2,28,Self Enquiry,1,30,Small Business,Male,3,Basic,4,Married,1,1,0,0,Executive,17408,,
201153,2,3,18,Company Invited,3,9,Small Business,Female,3,Basic,3,Single,1,5,0,1,Executive,16569,,
201162,1,2,35,Self Enquiry,3,16,Small Business,Male,4,Standard,5,Married,0,5,1,1,Senior Manager,25306,,
201167,7,2,35,Self Enquiry,3,21,Small Business,Male,5,Deluxe,3,Married,1,1,1,1,Manager,20440,,
201171,4,3,40,Self Enquiry,1,13,Salaried,Male,3,Basic,5,Single,1,3,0,1,Executive,17166,,
201204,3,3,48,Company Invited,3,13,Small Business,Female,3,Basic,3,Married,1,4,1,1,Executive,17655,,
201205,2,3,32,Self Enquiry,1,8,Salaried,Male,3,Basic,4,Single,0,3,1,1,Executive,16393,,
201213,2,2,23,Self Enquiry,3,13,Salaried,Male,3,Basic,3,Married,1,1,1,0,Executive,17275,,
201222,2,2,24,Self Enquiry,2,28,Salaried,Male,5,Basic,3,Married,0,1,0,1,Executive,16555,,
201223,1,2,47,Company Invited,3,15,Salaried,Male,5,Super Deluxe,3,Married,0,5,1,1,AVP,27936,,
201236,6,3,36,Self Enquiry,3,19,Small Business,Male,4,Deluxe,5,Married,1,1,1,0,Manager,21134,,
201237,7,2,32,Self Enquiry,3,6,Salaried,Male,5,Deluxe,4,Unmarried,0,3,0,1,Manager,21735,,
201246,7,3,30,Company Invited,2,14,Salaried,Female,4,Basic,3,Married,0,5,1,2,Executive,17180,,
201249,2,2,29,Self Enquiry,3,15,Small Business,Female,5,Basic,4,Single,0,1,1,1,Executive,17760,,
201255,3,3,33,Self Enquiry,3,22,Salaried,Female,3,Standard,5,Unmarried,1,5,0,0,Senior Manager,23564,,
201257,3,3,31,Self Enquiry,3,22,Small Business,Male,3,Standard,3,Married,0,5,1,0,Senior Manager,23161,,
201262,1,2,43,Company Invited,1,23,Large Business,Male,4,Basic,3,Married,1,5,1,1,Executive,17437,,
201271,2,2,21,Self Enquiry,3,13,Small Business,Male,3,Basic,4,Single,0,5,1,1,Executive,17679,,
201273,2,3,22,Self Enquiry,1,14,Small Business,Female,3,Basic,5,Married,1,3,0,1,Executive,17398,,
201279,2,2,44,Company Invited,1,6,Small Business,Male,3,Basic,4,Married,1,3,1,1,Executive,17342,,
201281,2,2,35,Self Enquiry,3,33,Salaried,Male,3,Deluxe,3,Single,1,5,0,0,Manager,20813,,
201290,5,3,34,Company Invited,1,15,Salaried,Male,3,Deluxe,5,Married,0,3,0,1,Manager,20346,,
201297,1,3,26,Self Enquiry,2,26,Small Business,Female,3,Basic,4,Married,1,3,0,1,Executive,17148,,
201298,5,3,46,Self Enquiry,1,27,Small Business,Female,3,Deluxe,4,Married,0,3,1,2,Manager,23926,,
201312,1,2,31,Self Enquiry,2,24,Salaried,Male,1,Basic,5,Married,0,1,1,0,Executive,17956,,
201313,5,2,29,Self Enquiry,2,19,Salaried,Male,4,Basic,5,Married,1,5,1,1,Executive,17335,,
201326,1,2,32,Self Enquiry,3,8,Small Business,Male,4,Deluxe,4,Unmarried,1,1,1,0,Manager,24907,,
201332,2,3,29,Company Invited,1,30,Salaried,Male,4,Basic,3,Single,1,3,1,2,Executive,17439,,
201333,6,3,46,Self Enquiry,3,16,Salaried,Female,3,Standard,4,Married,0,1,0,2,Senior Manager,22314,,
201338,2,2,30,Self Enquiry,3,15,Small Business,Male,3,Basic,3,Single,0,5,0,0,Executive,16081,,
201339,2,3,22,Self Enquiry,1,13,Salaried,Male,3,Basic,4,Single,1,3,1,0,Executive,17472,,
201353,2,2,34,Company Invited,1,22,Large Business,Male,5,Basic,5,Married,1,3,1,0,Executive,17307,,
201354,2,3,56,Self Enquiry,1,30,Salaried,Male,3,Basic,3,Single,0,3,0,0,Executive,17587,,
201365,2,2,29,Company Invited,3,30,Large Business,Male,1,Basic,5,Single,0,3,1,1,Executive,16091,,
201369,4,2,28,Self Enquiry,3,19,Small Business,Female,3,Deluxe,3,Unmarried,1,5,1,1,Manager,24854,,
201375,4,2,32,Company Invited,1,11,Salaried,Female,1,Basic,3,Single,1,1,0,1,Executive,17432,,
201379,2,2,27,Company Invited,2,28,Salaried,Female,4,Basic,4,Married,0,1,1,0,Executive,17863,,
201390,6,2,28,Self Enquiry,1,23,Large Business,Male,4,Basic,3,Married,0,3,0,1,Executive,17367,,
201395,2,3,31,Company Invited,3,32,Small Business,Male,3,Deluxe,3,Married,1,3,0,1,Manager,20617,,
201396,7,3,53,Self Enquiry,3,30,Salaried,Male,3,Standard,5,Unmarried,1,3,1,2,Senior Manager,25448,,
201438,2,2,23,Company Invited,3,15,Small Business,Male,3,Basic,5,Married,0,5,1,0,Executive,16790,,
201444,1,3,56,Self Enquiry,1,13,Large Business,Male,3,Basic,3,Married,0,4,1,2,Executive,17339,,
201452,1,3,50,Company Invited,3,6,Salaried,Male,3,Deluxe,3,Married,0,3,1,1,Manager,21728,,
201461,5,2,50,Self Enquiry,3,34,Small Business,Male,4,Standard,5,Married,1,5,0,0,Senior Manager,25854,,
201470,1,3,41,Self Enquiry,3,6,Salaried,Female,3,Deluxe,3,Single,1,4,0,2,Manager,20993,,
201472,7,3,37,Self Enquiry,1,8,Salaried,Male,4,Basic,3,Single,1,3,0,2,Executive,17090,,
201484,6,2,28,Self Enquiry,1,30,Salaried,Male,4,Basic,3,Single,1,1,0,0,Executive,17028,,
201494,3,2,34,Self Enquiry,1,12,Small Business,Male,3,Basic,5,Single,0,4,0,0,Executive,17960,,
201503,4,2,39,Self Enquiry,3,11,Large Business,Male,3,Deluxe,3,Married,0,1,0,0,Manager,17086,,
201504,3,3,24,Self Enquiry,1,6,Small Business,Male,3,Basic,3,Married,1,3,0,2,Executive,17293,,
201506,2,2,50,Self Enquiry,3,9,Small Business,Male,4,Basic,3,Married,1,4,1,1,Executive,17683,,
201512,2,2,26,Self Enquiry,1,31,Salaried,Male,5,Basic,3,Single,0,1,0,0,Executive,17293,,
201515,2,2,41,Self Enquiry,1,18,Large Business,Female,3,King,3,Married,0,4,1,1,VP,34545,,
201520,1,3,48,Self Enquiry,1,6,Salaried,Male,4,Standard,3,Single,1,5,0,0,Senior Manager,20381,,
201559,2,3,46,Self Enquiry,3,15,Small Business,Male,4,Standard,3,Unmarried,0,5,1,2,Senior Manager,24619,,
201570,5,3,37,Self Enquiry,2,12,Salaried,Male,3,Basic,5,Married,1,1,0,2,Executive,17073,,
201572,2,3,20,Company Invited,1,12,Salaried,Female,4,Basic,3,Single,1,1,0,0,Executive,17926,,
201577,2,2,25,Self Enquiry,3,11,Small Business,Male,4,Deluxe,3,Single,1,3,0,1,Manager,20744,,
201581,2,3,34,Company Invited,1,13,Salaried,Male,5,Deluxe,3,Single,1,5,1,0,Manager,21074,,
201594,5,3,31,Self Enquiry,3,12,Salaried,Male,5,Deluxe,3,Married,1,3,0,2,Manager,21172,,
201596,2,3,58,Self Enquiry,1,29,Small Business,Female,3,Standard,3,Married,0,3,1,0,Senior Manager,25312,,
201597,2,2,19,Self Enquiry,3,28,Small Business,Male,3,Basic,3,Single,1,1,1,0,Executive,16675,,
201606,3,2,51,Company Invited,1,14,Salaried,Male,5,Standard,3,Unmarried,0,1,1,0,Senior Manager,25650,,
201641,1,3,19,Company Invited,3,6,Large Business,Female,5,Basic,5,Single,0,3,1,0,Executive,17325,,
201647,2,2,19,Self Enquiry,1,8,Salaried,Male,4,Basic,3,Single,0,5,1,0,Executive,16102,,
201652,2,3,41,Self Enquiry,3,26,Small Business,Female,3,Basic,4,Single,1,4,0,1,Executive,18140,,
201662,4,2,35,Self Enquiry,1,29,Salaried,Male,4,Deluxe,3,Married,1,4,1,0,Manager,20916,,
201674,1,3,38,Self Enquiry,1,35,Small Business,Male,3,Deluxe,5,Married,1,3,1,2,Manager,21673,,
201675,2,2,29,Self Enquiry,3,33,Small Business,Female,3,Standard,3,Married,0,3,0,0,Senior Manager,22639,,
201680,2,2,32,Self Enquiry,3,10,Small Business,Male,5,Standard,3,Married,0,1,1,0,Senior Manager,25400,,
201684,6,2,30,Self Enquiry,1,9,Large Business,Female,3,Basic,5,Single,1,4,0,0,Executive,17657,,
201686,6,2,30,Company Invited,3,32,Small Business,Female,4,Deluxe,5,Unmarried,0,1,1,1,Manager,21696,,
201687,1,2,29,Self Enquiry,1,6,Large Business,Male,3,Basic,3,Single,0,1,0,0,Executive,17058,,
201699,2,2,29,Self Enquiry,1,24,Small Business,Male,4,Basic,3,Single,1,3,0,0,Executive,17389,,
201704,6,2,33,Self Enquiry,1,20,Small Business,Male,3,Basic,3,Married,1,1,1,1,Executive,17436,,
201706,1,2,33,Self Enquiry,1,8,Salaried,Female,3,Basic,5,Married,0,3,1,1,Executive,17707,,
201720,7,3,37,Company Invited,1,16,Small Business,Male,3,Standard,3,Married,0,3,0,2,Senior Manager,25048,,
201741,2,2,47,Company Invited,1,35,Salaried,Male,3,Standard,4,Married,1,3,1,0,Senior Manager,26849,,
201756,4,2,44,Company Invited,1,30,Salaried,Male,3,Basic,3,Married,1,5,0,1,Executive,18161,,
201758,3,2,26,Self Enquiry,1,22,Small Business,Male,3,Basic,4,Married,1,1,1,0,Executive,17373,,
201763,2,2,26,Self Enquiry,3,10,Small Business,Male,4,Deluxe,3,Single,1,1,1,0,Manager,20828,,
201766,2,2,18,Self Enquiry,1,9,Small Business,Male,3,Basic,3,Single,0,4,1,0,Executive,16420,,
201797,5,2,39,Self Enquiry,3,9,Small Business,Female,3,Deluxe,3,Married,1,4,1,1,Manager,20238,,
201806,2,3,29,Self Enquiry,1,14,Salaried,Male,5,Basic,5,Married,1,3,0,1,Executive,17119,,
201827,2,3,21,Company Invited,3,6,Large Business,Female,4,Basic,4,Single,1,5,1,2,Executive,17174,,
201833,2,2,33,Self Enquiry,3,11,Small Business,Female,3,Basic,3,Single,1,1,0,1,Executive,17851,,
201836,2,2,41,Company Invited,3,10,Small Business,Male,3,Deluxe,4,Unmarried,0,3,1,0,Manager,24355,,
201838,3,3,40,Self Enquiry,3,28,Small Business,Male,4,Deluxe,3,Married,1,3,1,0,Manager,21380,,
201840,2,2,21,Self Enquiry,3,18,Salaried,Female,1,Basic,4,Single,0,5,0,1,Executive,17716,,
201848,1,3,34,Company Invited,3,25,Small Business,Male,1,Deluxe,3,Single,1,1,0,0,Manager,20304,,
201852,1,3,26,Company Invited,1,9,Large Business,Male,3,Basic,5,Single,0,3,0,1,Executive,18102,,
201855,1,2,30,Company Invited,1,10,Large Business,Male,3,Basic,3,Single,1,4,1,0,Executive,17285,,
201884,2,3,24,Self Enquiry,3,6,Large Business,Female,3,Basic,4,Single,1,4,0,0,Executive,18202,,
201885,1,2,34,Company Invited,3,12,Small Business,Female,5,Basic,3,Married,0,4,0,1,Executive,17351,,
201891,6,3,29,Self Enquiry,1,31,Large Business,Female,4,Basic,4,Married,0,3,1,2,Executive,17546,,
201892,2,2,19,Self Enquiry,2,8,Large Business,Male,4,Basic,3,Single,0,3,0,0,Executive,17564,,
201905,1,2,33,Self Enquiry,1,21,Small Business,Male,3,Standard,3,Married,1,5,1,0,Senior Manager,28610,,
201909,4,3,31,Company Invited,1,26,Salaried,Male,3,Standard,3,Married,0,3,1,0,Senior Manager,24824,,
201910,1,2,34,Company Invited,2,29,Salaried,Female,3,Standard,5,Married,1,3,1,0,Senior Manager,24950,,
201923,1,2,26,Company Invited,2,23,Salaried,Female,3,Basic,3,Married,1,5,0,1,Executive,17741,,
201927,2,3,18,Company Invited,3,11,Small Business,Male,3,Basic,4,Single,1,4,1,0,Executive,16878,,
201933,2,3,26,Self Enquiry,1,30,Large Business,Male,5,Basic,3,Single,1,3,0,1,Executive,17340,,
201949,2,2,24,Company Invited,1,13,Salaried,Female,3,Basic,3,Married,1,4,0,0,Executive,17886,,
201950,2,3,30,Company Invited,3,18,Salaried,Male,4,Basic,5,Married,0,5,1,2,Executive,17033,,
201965,1,2,27,Self Enquiry,3,8,Small Business,Male,3,Basic,5,Married,0,5,1,1,Executive,18041,,
201983,2,2,20,Self Enquiry,1,16,Small Business,Male,3,Basic,3,Single,1,5,1,1,Executive,16009,,
201998,4,2,50,Company Invited,3,14,Large Business,Male,3,Deluxe,3,Married,1,5,0,0,Manager,21796,,
202010,1,3,28,Self Enquiry,1,6,Salaried,Female,5,Basic,4,Single,1,1,1,2,Executive,17216,,
202017,7,2,42,Company Invited,1,25,Small Business,Male,1,Basic,3,Married,1,3,0,0,Executive,17759,,
202032,2,3,33,Self Enquiry,1,6,Salaried,Male,3,Basic,3,Single,1,3,1,0,Executive,17686,,
202036,5,3,47,Company Invited,3,33,Salaried,Female,1,Deluxe,3,Unmarried,1,4,0,1,Manager,21397,,
202043,7,2,26,Self Enquiry,3,14,Large Business,Male,4,Deluxe,5,Single,0,3,0,0,Manager,20326,,
202055,2,3,23,Self Enquiry,1,12,Salaried,Male,1,Basic,5,Married,1,3,0,0,Executive,16601,,
202059,2,2,29,Self Enquiry,1,6,Salaried,Female,4,Basic,5,Married,1,1,0,0,Executive,17319,,
202061,6,3,33,Self Enquiry,3,22,Small Business,Female,3,Deluxe,5,Single,0,3,1,0,Manager,20324,,
202065,1,2,58,Self Enquiry,1,8,Salaried,Male,3,King,4,Single,1,3,1,0,VP,34246,,
202077,2,2,49,Self Enquiry,3,17,Small Business,Female,3,Standard,3,Married,0,4,0,0,Senior Manager,22654,,
202078,5,2,55,Self Enquiry,3,8,Small Business,Male,3,Deluxe,3,Single,0,1,1,0,Manager,20160,,
202084,2,2,26,Company Invited,1,11,Small Business,Female,4,Basic,3,Married,1,1,0,1,Executive,17366,,
202106,2,3,35,Company Invited,1,31,Salaried,Female,3,Basic,4,Married,1,3,1,1,Executive,17022,,
202115,7,2,29,Self Enquiry,3,6,Small Business,Female,4,Basic,3,Married,1,1,1,1,Executive,17800,,
202126,2,2,32,Self Enquiry,1,31,Salaried,Male,3,Basic,3,Single,1,5,0,0,Executive,17795,,
202130,1,2,58,Company Invited,1,8,Salaried,Male,4,Basic,3,Married,1,1,1,0,Executive,17380,,
202132,2,2,20,Self Enquiry,3,8,Small Business,Female,4,Basic,3,Single,0,4,1,0,Executive,17044,,
202133,2,3,21,Self Enquiry,1,24,Salaried,Female,3,Basic,3,Single,0,3,1,2,Executive,17693,,
202137,5,2,41,Self Enquiry,1,8,Salaried,Female,5,Basic,3,Married,1,3,0,1,Executive,17778,,
202139,1,3,39,Self Enquiry,1,12,Small Business,Male,3,Basic,5,Married,1,1,1,1,Executive,17404,,
202153,2,2,25,Self Enquiry,3,25,Small Business,Male,4,Basic,4,Married,1,1,0,1,Executive,17413,,
202158,2,2,19,Self Enquiry,3,27,Salaried,Male,4,Basic,4,Single,1,1,1,1,Executive,17121,,
202159,2,2,20,Self Enquiry,1,10,Large Business,Male,3,Basic,5,Single,0,3,1,0,Executive,17973,,
202163,2,2,36,Self Enquiry,3,9,Salaried,Male,4,Standard,3,Married,1,1,1,0,Senior Manager,25325,,
202165,6,2,37,Self Enquiry,3,6,Salaried,Male,4,Standard,3,Married,0,1,1,1,Senior Manager,25609,,
202170,5,2,58,Self Enquiry,1,8,Large Business,Male,3,Basic,3,Single,0,1,0,0,Executive,17479,,
202176,5,3,40,Company Invited,3,30,Salaried,Female,1,Super Deluxe,4,Unmarried,1,3,1,0,AVP,28194,,
202179,1,2,31,Company Invited,1,15,Small Business,Male,4,Basic,5,Single,1,3,0,1,Executive,17321,,
202181,7,3,29,Self Enquiry,1,16,Salaried,Female,4,Basic,5,Single,1,5,1,0,Executive,17404,,
202190,5,2,30,Self Enquiry,1,28,Salaried,Female,3,Basic,3,Married,1,1,0,0,Executive,17132,,
202201,2,3,20,Self Enquiry,1,17,Small Business,Female,4,Basic,5,Single,1,3,1,2,Executive,17600,,
202202,1,2,30,Company Invited,1,11,Small Business,Female,3,Basic,4,Single,0,3,0,0,Executive,17422,,
202222,2,2,36,Self Enquiry,1,22,Salaried,Female,1,Basic,5,Single,0,1,1,0,Executive,17743,,
202232,7,2,26,Company Invited,1,8,Salaried,Male,3,Basic,5,Married,1,5,0,0,Executive,17042,,
202246,2,2,20,Company Invited,3,15,Small Business,Female,3,Basic,3,Single,1,4,1,0,Executive,17323,,
202247,2,2,21,Self Enquiry,1,16,Salaried,Female,4,Basic,5,Single,0,3,0,1,Executive,16416,,
202249,1,2,51,Self Enquiry,1,10,Salaried,Male,3,Basic,3,Married,1,1,0,0,Executive,17461,,
202250,2,3,28,Company Invited,1,30,Large Business,Male,4,Standard,5,Unmarried,0,1,1,1,Senior Manager,23722,,
202259,1,3,44,Self Enquiry,2,6,Small Business,Male,4,Standard,5,Married,0,4,1,0,Senior Manager,25482,,
202261,1,2,35,Self Enquiry,3,10,Large Business,Male,3,Standard,5,Unmarried,1,4,1,1,Senior Manager,24582,,
202267,2,2,26,Self Enquiry,1,27,Small Business,Male,3,Basic,3,Married,0,5,1,0,Executive,17377,,
202268,5,2,33,Self Enquiry,1,31,Small Business,Male,4,Basic,4,Single,1,4,1,0,Executive,17313,,
202270,2,2,28,Company Invited,1,6,Small Business,Male,4,Basic,4,Married,0,4,1,0,Executive,17596,,
202283,1,2,39,Company Invited,1,8,Salaried,Male,3,Super Deluxe,3,Married,0,3,1,0,AVP,27169,,
202298,2,3,18,Company Invited,1,14,Small Business,Male,3,Basic,3,Single,0,5,1,0,Executive,16904,,
202299,1,3,33,Self Enquiry,3,15,Small Business,Female,3,Deluxe,5,Unmarried,1,3,0,0,Manager,23224,,
202301,2,3,31,Company Invited,1,21,Small Business,Male,3,Basic,3,Married,0,4,1,0,Executive,17610,,
202306,2,2,29,Self Enquiry,3,29,Salaried,Female,4,Standard,5,Married,0,3,1,1,Senior Manager,22336,,
202308,1,2,42,Company Invited,3,18,Salaried,Male,3,Super Deluxe,5,Single,1,5,1,1,AVP,28758,,
202312,2,3,28,Self Enquiry,1,18,Salaried,Female,3,Basic,3,Married,1,4,1,1,Executive,17515,,
202319,1,2,43,Self Enquiry,3,15,Small Business,Female,5,Deluxe,3,Single,0,1,0,0,Manager,20346,,
202327,2,3,44,Self Enquiry,1,16,Salaried,Male,3,Basic,3,Single,1,3,1,0,Executive,17936,,
202330,1,2,22,Company Invited,1,9,Salaried,Male,4,Basic,3,Married,1,3,0,1,Executive,17853,,
202334,7,3,41,Company Invited,1,11,Salaried,Male,4,Basic,5,Married,0,3,0,1,Executive,17107,,
202341,2,3,24,Self Enquiry,1,23,Salaried,Female,3,Basic,4,Married,0,1,1,2,Executive,17210,,
202362,2,3,19,Company Invited,1,16,Small Business,Female,4,Basic,4,Single,1,5,0,2,Executive,16859,,
202371,2,3,48,Company Invited,3,30,Salaried,Male,5,Basic,3,Single,1,1,1,2,Executive,17559,,
202372,3,3,27,Self Enquiry,3,8,Small Business,Female,5,King,4,Single,1,5,1,1,VP,17517,,
202373,2,2,29,Company Invited,1,16,Salaried,Female,4,Basic,3,Unmarried,0,4,1,0,Executive,21623,,
202374,2,3,48,Self Enquiry,1,21,Small Business,Female,3,Standard,3,Married,0,3,0,0,Senior Manager,33265,,
202375,4,2,29,Self Enquiry,1,13,Large Business,Female,3,Basic,3,Married,1,4,1,0,Executive,31124,,
202376,2,3,34,Self Enquiry,1,13,Salaried,Male,3,Deluxe,3,Married,0,3,0,0,Manager,17585,,
202377,1,3,44,Self Enquiry,1,29,Small Business,Male,3,Basic,5,Single,0,3,0,2,Executive,33213,,
202378,3,2,33,Self Enquiry,3,31,Small Business,Male,4,Standard,4,Unmarried,1,5,1,0,Senior Manager,23380,,
202379,1,3,19,Self Enquiry,3,11,Salaried,Male,3,Standard,4,Single,1,4,1,0,Senior Manager,17994,,
202380,2,2,23,Company Invited,3,7,Salaried,Female,3,Basic,4,Single,1,5,1,1,Executive,16223,,
202381,5,2,25,Self Enquiry,1,9,Salaried,Male,3,Basic,5,Married,0,5,1,0,Executive,16118,,
202382,1,2,26,Self Enquiry,1,13,Small Business,Female,4,Standard,5,Married,1,4,1,1,Senior Manager,17875,,
202383,7,2,45,Self Enquiry,3,19,Small Business,Male,1,Super Deluxe,3,Single,1,3,1,0,AVP,33824,,
202384,1,2,55,Company Invited,3,8,Salaried,Female,4,Basic,3,Single,0,5,0,0,Executive,28577,,
202385,1,3,21,Company Invited,3,24,Small Business,Female,3,Deluxe,3,Married,1,5,0,1,Manager,17625,,
202386,2,3,46,Self Enquiry,1,28,Small Business,Male,3,Deluxe,3,Married,1,5,1,2,Manager,33789,,
202389,1,2,59,Company Invited,1,20,Salaried,Female,3,Standard,3,Unmarried,1,5,1,0,Senior Manager,25512,,
202391,2,2,28,Self Enquiry,1,14,Salaried,Female,4,Basic,4,Single,0,4,0,1,Executive,17154,,
202392,4,3,44,Self Enquiry,3,15,Salaried,Male,4,Basic,5,Married,0,1,1,2,Executive,34190,,
202395,2,3,42,Company Invited,1,7,Salaried,Female,1,Standard,4,Single,0,3,1,0,Senior Manager,17372,,
202396,7,3,43,Company Invited,1,8,Salaried,Male,3,Basic,3,Married,1,3,0,0,Executive,25231,,
202397,2,2,36,Self Enquiry,2,15,Large Business,Female,3,Basic,3,Married,0,1,1,0,Executive,20410,,
202398,4,3,44,Company Invited,3,7,Large Business,Male,3,Basic,3,Married,0,3,1,1,Executive,22978,,
202400,1,2,51,Self Enquiry,3,30,Small Business,Female,4,Deluxe,4,Single,1,5,1,1,Manager,17838,,
202402,1,2,29,Company Invited,1,8,Small Business,Male,4,Basic,5,Single,0,4,1,1,Executive,18339,,
202403,7,3,28,Self Enquiry,1,7,Large Business,Male,4,Basic,5,Single,0,3,1,1,Executive,17080,,
202404,4,2,25,Self Enquiry,1,15,Salaried,Male,3,Basic,5,Single,0,1,1,0,Executive,17096,,
202405,2,2,32,Company Invited,1,9,Salaried,Female,3,Basic,3,Single,0,4,1,0,Executive,21209,,
202406,2,3,45,Self Enquiry,3,7,Salaried,Male,4,Deluxe,5,Married,0,4,1,2,Manager,33061,,
202407,2,3,39,Self Enquiry,1,8,Salaried,Female,3,Basic,5,Married,1,1,1,0,Executive,32123,,
202408,1,3,58,Self Enquiry,1,8,Large Business,Female,4,Standard,3,Married,0,5,0,0,Senior Manager,17372,,
202412,1,2,36,Self Enquiry,3,16,Small Business,Male,4,Standard,5,Married,0,5,0,0,Senior Manager,22094,,
202414,4,3,28,Self Enquiry,1,13,Salaried,Male,3,Basic,5,Unmarried,1,3,0,2,Executive,21674,,
202415,4,2,50,Company Invited,3,18,Salaried,Male,3,Deluxe,3,Single,1,3,1,1,Manager,31880,,
202416,2,3,40,Self Enquiry,1,14,Small Business,Male,4,Basic,3,Unmarried,1,4,1,2,Executive,24094,,
202417,3,3,52,Company Invited,3,13,Small Business,Female,3,Basic,3,Married,1,4,1,2,Executive,23446,,
202418,2,3,30,Self Enquiry,1,8,Salaried,Male,3,Basic,4,Unmarried,0,3,0,0,Executive,26916,,
202420,2,2,31,Self Enquiry,2,28,Salaried,Male,5,Basic,3,Married,0,1,0,1,Executive,24852,,
202421,1,2,41,Company Invited,3,15,Salaried,Male,5,Super Deluxe,3,Married,0,5,1,1,AVP,21151,,
202422,6,3,31,Self Enquiry,3,19,Small Business,Male,4,Deluxe,5,Married,1,1,1,0,Manager,17302,,
202423,7,2,44,Self Enquiry,3,7,Salaried,Male,5,Deluxe,4,Single,0,3,0,1,Manager,17362,,
202424,7,3,42,Company Invited,2,14,Salaried,Female,4,Basic,3,Married,0,5,1,1,Executive,32861,,
202425,2,2,55,Self Enquiry,3,15,Small Business,Female,5,Basic,4,Single,0,1,1,1,Executive,34187,,
202428,1,2,34,Company Invited,1,23,Large Business,Male,4,Basic,3,Married,1,5,1,1,Executive,23500,,
202432,2,2,51,Self Enquiry,3,33,Salaried,Male,3,Deluxe,3,Single,1,5,1,1,Manager,29026,,
202433,5,3,38,Company Invited,1,15,Salaried,Male,3,Deluxe,5,Married,0,3,0,2,Manager,21893,,
202434,2,2,34,Self Enquiry,1,16,Small Business,Male,3,Deluxe,5,Single,0,4,0,0,Manager,21125,,
202436,5,3,58,Self Enquiry,1,27,Small Business,Female,3,Deluxe,4,Married,0,3,1,1,Manager,25008,,
202437,1,2,40,Self Enquiry,2,24,Salaried,Male,1,Basic,5,Married,0,1,1,1,Executive,17387,,
202439,1,2,48,Self Enquiry,3,8,Small Business,Male,4,Deluxe,4,Unmarried,1,1,1,0,Manager,22898,,
202440,2,3,27,Company Invited,1,30,Salaried,Male,4,Basic,3,Single,1,3,1,1,Executive,17534,,
202441,6,3,51,Self Enquiry,3,16,Salaried,Female,3,Standard,4,Married,0,1,1,2,Senior Manager,28142,,
202442,2,2,18,Self Enquiry,3,15,Small Business,Male,3,Basic,3,Single,0,5,0,1,Executive,16611,,
202443,2,3,35,Self Enquiry,1,13,Salaried,Male,3,Basic,4,Single,1,3,1,1,Executive,20363,,
202444,2,4,42,Self Enquiry,3,7,Salaried,Female,4,Deluxe,3,Unmarried,1,2,1,1,Manager,24671,,
202446,8,4,38,Self Enquiry,1,9,Free Lancer,Male,5,Basic,3,Single,1,3,0,1,Executive,20768,,
202458,7,3,29,Self Enquiry,1,31,Salaried,Male,5,Basic,3,Single,1,2,0,1,Executive,20706,,
202465,2,3,37,Self Enquiry,3,16,Salaried,Male,5,Deluxe,5,Unmarried,0,2,0,1,Manager,22085,,
202468,4,3,35,Self Enquiry,1,13,Small Business,Male,4,Basic,5,Unmarried,0,2,1,2,Executive,21638,,
202470,3,4,33,Company Invited,1,23,Salaried,Female,6,Basic,5,Unmarried,1,4,1,3,Executive,22597,,
202477,5,3,40,Self Enquiry,3,12,Large Business,Male,4,Deluxe,3,Divorced,0,2,0,2,Manager,20764,,
202478,4,4,25,Self Enquiry,1,7,Small Business,Male,4,Basic,3,Divorced,1,3,1,3,Executive,20971,,
202480,3,3,51,Self Enquiry,3,10,Small Business,Male,5,Basic,3,Divorced,1,4,0,1,Executive,21361,,
202486,3,3,27,Self Enquiry,1,32,Salaried,Male,6,Basic,3,Single,0,2,1,2,Executive,20971,,
202489,3,3,42,Self Enquiry,1,19,Large Business,Female,4,King,3,Divorced,0,4,1,1,VP,38223,,
202494,2,4,49,Self Enquiry,1,7,Salaried,Male,5,Standard,3,Unmarried,1,5,0,3,Senior Manager,24059,,
202495,3,3,29,Self Enquiry,1,12,Large Business,Male,4,Basic,3,Unmarried,1,2,1,1,Executive,22119,,
202513,2,4,37,Self Enquiry,1,16,Small Business,Male,5,Basic,3,Divorced,1,2,0,2,Executive,22066,,
202533,3,4,47,Self Enquiry,3,16,Small Business,Male,5,Standard,3,Unmarried,0,5,0,2,Senior Manager,28297,,
202544,6,4,38,Self Enquiry,2,13,Salaried,Male,4,Basic,5,Married,1,2,1,1,Executive,20751,,
202546,3,4,21,Company Invited,1,13,Salaried,Female,5,Basic,3,Unmarried,1,2,1,2,Executive,21604,,
202551,3,3,26,Self Enquiry,3,12,Small Business,Male,5,Deluxe,3,Unmarried,1,3,1,1,Manager,24422,,
202555,3,4,35,Company Invited,1,14,Salaried,Male,6,Deluxe,3,Unmarried,1,5,1,2,Manager,24752,,
202566,2,4,57,Self Enquiry,1,21,Salaried,Female,4,Basic,4,Divorced,1,5,1,2,Executive,23641,,
202568,6,4,32,Self Enquiry,3,13,Salaried,Male,6,Deluxe,3,Divorced,1,3,1,2,Manager,24850,,
202570,3,4,59,Self Enquiry,1,30,Small Business,Female,4,Standard,3,Divorced,0,3,1,1,Senior Manager,28990,,
202571,3,3,20,Self Enquiry,3,29,Small Business,Male,4,Basic,3,Single,1,2,0,2,Executive,20353,,
202576,5,4,32,Self Enquiry,3,27,Salaried,Female,6,Deluxe,3,Divorced,1,3,1,1,Manager,23237,,
202580,4,3,52,Company Invited,1,15,Salaried,Male,6,Standard,3,Single,0,2,0,2,Senior Manager,29328,,
202584,2,3,33,Self Enquiry,1,16,Small Business,Female,4,Basic,5,Unmarried,0,4,1,2,Executive,22878,,
202615,2,4,20,Company Invited,3,7,Large Business,Female,6,Basic,5,Single,0,3,1,2,Executive,21003,,
202626,3,4,42,Self Enquiry,3,27,Small Business,Female,4,Basic,4,Unmarried,1,4,0,3,Executive,21818,,
202636,5,3,36,Self Enquiry,1,30,Salaried,Male,5,Deluxe,3,Divorced,1,4,1,2,Manager,24594,,
202648,2,4,39,Self Enquiry,1,36,Small Business,Male,4,Deluxe,5,Divorced,1,3,0,2,Manager,25351,,
202649,3,3,30,Self Enquiry,3,34,Small Business,Female,4,Standard,3,Divorced,0,3,1,2,Senior Manager,26317,,
202654,3,3,33,Self Enquiry,3,11,Small Business,Male,6,Standard,3,Divorced,0,2,1,2,Senior Manager,29078,,
202658,7,3,31,Self Enquiry,1,10,Large Business,Female,4,Basic,5,Unmarried,1,4,1,2,Executive,21335,,
202660,7,3,31,Company Invited,3,33,Small Business,Female,5,Deluxe,5,Unmarried,0,2,0,2,Manager,25374,,
202661,2,3,30,Self Enquiry,1,7,Large Business,Male,4,Basic,3,Single,0,2,0,1,Executive,20736,,
202673,3,3,30,Self Enquiry,1,25,Small Business,Male,5,Basic,3,Single,1,3,0,2,Executive,21067,,
202678,7,3,34,Self Enquiry,1,21,Small Business,Male,4,Basic,3,Divorced,1,2,0,2,Executive,21114,,
202680,2,3,34,Self Enquiry,1,9,Salaried,Female,4,Basic,5,Divorced,0,3,1,1,Executive,21385,,
202683,2,4,33,Self Enquiry,1,7,Salaried,Male,5,Basic,3,Unmarried,1,5,1,1,Executive,22408,,
202694,8,4,38,Company Invited,1,17,Small Business,Male,4,Standard,3,Married,0,3,1,3,Senior Manager,28726,,
202703,2,4,32,Company Invited,1,36,Small Business,Male,5,Basic,4,Unmarried,0,3,1,3,Executive,22157,,
202708,4,4,29,Self Enquiry,1,9,Salaried,Male,4,Basic,3,Unmarried,0,4,1,2,Executive,22163,,
202715,3,3,48,Company Invited,1,36,Salaried,Male,4,Standard,4,Divorced,1,3,1,1,Senior Manager,30527,,
202730,5,3,45,Company Invited,1,31,Salaried,Male,4,Basic,3,Married,1,5,0,2,Executive,21839,,
202732,4,3,27,Self Enquiry,1,23,Small Business,Male,4,Basic,4,Married,1,2,1,2,Executive,21051,,
202737,3,3,27,Self Enquiry,3,11,Small Business,Male,5,Deluxe,3,Unmarried,1,2,1,2,Manager,24506,,
202740,3,3,19,Self Enquiry,1,10,Salaried,Male,4,Basic,3,Single,0,4,0,1,Executive,20098,,
202761,4,3,53,Self Enquiry,1,15,Small Business,Male,5,Deluxe,4,Divorced,0,2,1,2,Manager,23619,,
202767,7,3,29,Self Enquiry,1,9,Small Business,Male,6,Basic,3,Divorced,1,3,1,1,Executive,22142,,
202771,6,3,40,Self Enquiry,3,10,Small Business,Female,4,Deluxe,3,Divorced,1,4,1,2,Manager,23916,,
202780,3,4,30,Self Enquiry,1,15,Salaried,Male,6,Basic,5,Divorced,1,3,1,2,Executive,20797,,
202801,3,3,22,Company Invited,3,7,Large Business,Female,5,Basic,4,Single,1,5,1,2,Executive,20852,,
202807,3,3,34,Self Enquiry,3,12,Small Business,Female,4,Basic,3,Unmarried,1,2,1,1,Executive,21529,,
202810,3,3,42,Company Invited,3,11,Small Business,Male,4,Deluxe,4,Unmarried,0,3,1,1,Manager,28033,,
202812,4,4,41,Self Enquiry,3,29,Small Business,Male,5,Deluxe,3,Divorced,1,3,1,2,Manager,25058,,
202814,3,3,22,Self Enquiry,3,19,Salaried,Female,3,Basic,4,Unmarried,0,5,0,2,Executive,21394,,
202822,2,4,35,Company Invited,3,26,Small Business,Male,3,Deluxe,3,Unmarried,1,2,1,3,Manager,23982,,
202826,2,4,27,Company Invited,1,10,Large Business,Male,4,Basic,5,Unmarried,0,3,0,3,Executive,21780,,
202849,7,4,26,Self Enquiry,1,10,Small Business,Male,4,Basic,5,Divorced,0,5,1,2,Executive,22709,,
202858,3,4,25,Self Enquiry,3,7,Large Business,Female,4,Basic,4,Unmarried,1,4,1,3,Executive,21880,,
202859,2,3,35,Company Invited,3,13,Small Business,Female,6,Basic,3,Married,0,4,1,2,Executive,21029,,
202865,7,4,30,Self Enquiry,1,32,Large Business,Female,5,Basic,4,Divorced,0,3,0,3,Executive,21224,,
202866,3,3,20,Self Enquiry,2,9,Large Business,Male,5,Basic,3,Single,0,3,1,2,Executive,21242,,
202879,2,3,34,Self Enquiry,1,22,Small Business,Male,4,Standard,3,Divorced,1,5,0,1,Senior Manager,32288,,
202880,2,3,34,Self Enquiry,1,17,Small Business,Male,6,Basic,3,Married,0,5,0,1,Executive,22086,,
202883,5,4,32,Company Invited,1,27,Salaried,Male,4,Standard,3,Divorced,0,3,1,1,Senior Manager,28502,,
202884,2,3,35,Company Invited,2,30,Salaried,Female,4,Standard,5,Married,1,3,1,1,Senior Manager,28628,,
202887,7,3,23,Company Invited,1,11,Large Business,Male,5,Basic,3,Unmarried,0,5,1,1,Executive,22572,,
202897,2,3,27,Company Invited,2,24,Salaried,Female,4,Basic,3,Married,1,5,0,2,Executive,21419,,
202901,3,4,19,Company Invited,3,12,Small Business,Male,4,Basic,4,Single,1,4,1,3,Executive,20556,,
202907,3,4,27,Self Enquiry,1,31,Large Business,Male,6,Basic,3,Single,1,3,1,3,Executive,21018,,
202913,2,3,33,Company Invited,3,18,Salaried,Male,3,Deluxe,3,Divorced,0,3,1,2,Manager,23385,,
202923,3,3,25,Company Invited,1,14,Salaried,Female,4,Basic,3,Divorced,1,4,0,1,Executive,21564,,
202924,3,4,31,Company Invited,3,19,Salaried,Male,5,Basic,5,Divorced,0,5,1,1,Executive,20711,,
202926,4,3,32,Self Enquiry,3,20,Small Business,Male,4,Deluxe,5,Married,0,2,0,1,Manager,22911,,
202939,2,3,28,Self Enquiry,3,9,Small Business,Male,4,Basic,5,Married,0,5,0,2,Executive,21719,,
202948,4,4,46,Company Invited,3,33,Salaried,Female,4,Deluxe,5,Divorced,0,2,0,1,Manager,22964,,
202958,3,4,34,Company Invited,1,10,Salaried,Male,4,Basic,5,Unmarried,1,5,1,3,Executive,22026,,
202969,2,4,25,Self Enquiry,3,10,Salaried,Female,4,Deluxe,3,Unmarried,0,2,1,1,Manager,23255,,
202972,5,3,51,Company Invited,3,15,Large Business,Male,4,Deluxe,3,Divorced,1,5,1,1,Manager,25474,,
202984,2,4,29,Self Enquiry,1,7,Salaried,Female,6,Basic,4,Single,1,2,1,1,Executive,20894,,
202991,8,3,43,Company Invited,1,26,Small Business,Male,3,Basic,3,Married,1,3,1,2,Executive,21437,,
203006,3,4,34,Self Enquiry,1,7,Salaried,Male,4,Basic,3,Unmarried,1,3,1,1,Executive,21364,,
203010,6,4,48,Company Invited,3,34,Salaried,Female,2,Deluxe,3,Unmarried,1,4,1,3,Manager,25075,,
203017,8,3,27,Self Enquiry,3,15,Large Business,Male,5,Deluxe,5,Unmarried,0,3,1,2,Manager,24004,,
203029,3,4,24,Self Enquiry,1,13,Salaried,Male,2,Basic,5,Divorced,1,3,1,3,Executive,20279,,
203033,3,3,30,Self Enquiry,1,7,Salaried,Female,5,Basic,5,Divorced,1,2,0,1,Executive,20997,,
203035,7,4,34,Self Enquiry,3,23,Small Business,Female,4,Deluxe,5,Unmarried,0,3,1,1,Manager,24002,,
203042,8,3,29,Self Enquiry,1,9,Small Business,Male,4,Basic,3,Unmarried,0,3,0,1,Executive,23060,,
203051,3,3,50,Self Enquiry,3,18,Small Business,Female,4,Standard,3,Divorced,0,4,0,2,Senior Manager,26332,,
203052,6,3,56,Self Enquiry,3,9,Small Business,Male,4,Deluxe,3,Unmarried,0,2,0,2,Manager,23838,,
203058,3,3,27,Company Invited,1,12,Small Business,Female,5,Basic,3,Divorced,1,2,0,2,Executive,21044,,
203080,3,4,36,Company Invited,1,32,Salaried,Female,4,Basic,4,Married,1,3,0,1,Executive,20700,,
203089,8,3,30,Self Enquiry,3,7,Small Business,Female,5,Basic,3,Married,1,2,0,2,Executive,21478,,
203100,3,3,33,Self Enquiry,1,32,Salaried,Male,4,Basic,3,Unmarried,1,5,1,1,Executive,21473,,
203104,2,3,59,Company Invited,1,9,Salaried,Male,5,Basic,3,Married,1,2,0,1,Executive,21058,,
203106,3,3,21,Self Enquiry,3,9,Small Business,Female,5,Basic,3,Single,0,4,0,2,Executive,20722,,
203107,3,4,22,Self Enquiry,1,25,Salaried,Female,4,Basic,3,Unmarried,0,3,1,2,Executive,21371,,
203110,2,3,23,Self Enquiry,1,10,Salaried,Female,4,Deluxe,3,Divorced,1,5,1,2,Manager,22849,,
203111,6,3,42,Self Enquiry,1,9,Salaried,Female,6,Basic,3,Married,1,3,0,1,Executive,21456,,
203113,2,4,40,Self Enquiry,1,13,Small Business,Male,4,Basic,5,Divorced,1,2,1,2,Executive,21082,,
203127,3,3,26,Self Enquiry,3,26,Small Business,Male,5,Basic,4,Divorced,1,2,0,1,Executive,21091,,
203132,3,3,20,Self Enquiry,3,28,Salaried,Male,5,Basic,4,Single,1,2,0,2,Executive,20799,,
203133,3,3,21,Self Enquiry,1,11,Large Business,Male,4,Basic,5,Unmarried,0,3,1,2,Executive,21651,,
203137,3,3,37,Self Enquiry,3,10,Salaried,Male,5,Standard,3,Divorced,1,2,1,1,Senior Manager,29003,,
203139,7,3,38,Self Enquiry,3,7,Salaried,Male,5,Standard,3,Divorced,0,2,1,2,Senior Manager,29287,,
203144,6,3,59,Self Enquiry,1,9,Large Business,Male,4,Basic,3,Single,0,2,1,2,Executive,21157,,
203150,6,4,41,Company Invited,3,31,Salaried,Female,2,Super Deluxe,4,Single,1,3,1,3,AVP,31872,,
203153,2,3,32,Company Invited,1,16,Small Business,Male,5,Basic,5,Single,1,3,1,1,Executive,20999,,
203155,8,4,30,Self Enquiry,1,17,Salaried,Female,5,Basic,5,Single,1,5,1,2,Executive,21082,,
203164,6,3,31,Self Enquiry,1,29,Salaried,Female,4,Basic,3,Divorced,1,2,0,2,Executive,20810,,
203169,3,3,36,Self Enquiry,1,21,Salaried,Male,5,Basic,4,Married,1,5,1,2,Executive,22421,,
203175,3,4,21,Self Enquiry,1,18,Small Business,Female,5,Basic,5,Unmarried,1,3,0,2,Executive,21278,,
203176,2,3,31,Company Invited,1,12,Small Business,Female,4,Basic,4,Single,0,3,0,1,Executive,21100,,
203188,7,4,38,Self Enquiry,1,18,Small Business,Female,6,Deluxe,4,Divorced,0,4,1,1,Manager,23455,,
203192,2,4,27,Company Invited,3,36,Small Business,Male,6,Deluxe,5,Unmarried,0,3,0,1,Manager,23647,,
203196,3,3,37,Self Enquiry,1,23,Salaried,Female,2,Basic,5,Unmarried,0,2,1,1,Executive,21421,,
203205,2,3,37,Self Enquiry,1,22,Salaried,Male,4,Deluxe,3,Married,0,4,0,1,Manager,23512,,
203206,8,3,27,Company Invited,1,9,Salaried,Male,4,Basic,5,Divorced,1,5,1,1,Executive,20720,,
203220,3,3,21,Company Invited,3,16,Small Business,Female,4,Basic,3,Single,1,4,0,1,Executive,21001,,
203221,3,3,22,Self Enquiry,1,17,Salaried,Female,5,Basic,5,Single,0,3,1,1,Executive,20094,,
203223,2,3,52,Self Enquiry,1,11,Salaried,Male,4,Basic,3,Divorced,1,2,1,2,Executive,21139,,
203224,3,4,29,Company Invited,1,31,Large Business,Male,5,Standard,5,Unmarried,0,2,0,1,Senior Manager,27400,,
203233,2,4,45,Self Enquiry,2,7,Small Business,Male,5,Standard,5,Divorced,0,4,1,1,Senior Manager,29160,,
203235,2,3,36,Self Enquiry,3,11,Large Business,Male,4,Standard,5,Unmarried,1,4,1,2,Senior Manager,28260,,
203236,3,3,34,Company Invited,1,36,Small Business,Female,5,Deluxe,3,Unmarried,0,5,1,1,Manager,23186,,
203240,3,3,26,Self Enquiry,1,11,Large Business,Male,4,Basic,3,Divorced,1,3,1,1,Executive,22369,,
203241,3,3,27,Self Enquiry,1,28,Small Business,Male,4,Basic,3,Married,0,5,1,2,Executive,21055,,
203242,6,3,34,Self Enquiry,1,32,Small Business,Male,5,Basic,4,Single,1,4,0,1,Executive,20991,,
203244,3,3,29,Company Invited,1,7,Small Business,Male,5,Basic,4,Married,0,4,0,1,Executive,21274,,
203245,5,3,51,Company Invited,3,7,Salaried,Male,4,Deluxe,3,Unmarried,1,2,0,1,Manager,23406,,
203257,2,3,40,Company Invited,1,9,Salaried,Male,4,Super Deluxe,3,Married,0,3,1,1,AVP,30847,,
203272,3,4,19,Company Invited,1,15,Small Business,Male,4,Basic,3,Single,0,5,0,1,Executive,20582,,
203273,2,4,34,Self Enquiry,3,16,Small Business,Female,4,Deluxe,5,Unmarried,1,3,0,2,Manager,26902,,
203275,3,4,32,Company Invited,1,22,Small Business,Male,4,Basic,3,Divorced,0,4,1,3,Executive,21288,,
203280,3,3,30,Self Enquiry,3,30,Salaried,Female,5,Standard,5,Divorced,0,3,0,1,Senior Manager,26014,,
203282,2,3,43,Company Invited,3,19,Salaried,Male,4,Super Deluxe,5,Single,1,5,1,2,AVP,32436,,
203286,3,4,29,Self Enquiry,1,19,Salaried,Female,4,Basic,3,Divorced,1,4,1,1,Executive,21193,,
203293,2,3,44,Self Enquiry,3,16,Small Business,Female,6,Deluxe,3,Unmarried,0,2,1,2,Manager,24024,,
203301,3,4,45,Self Enquiry,1,17,Salaried,Male,4,Basic,3,Unmarried,1,3,1,3,Executive,21614,,
203304,2,3,23,Company Invited,1,10,Salaried,Male,5,Basic,3,Divorced,1,3,0,1,Executive,21531,,
203308,8,4,42,Company Invited,1,12,Salaried,Male,5,Basic,5,Married,0,3,1,1,Executive,20785,,
203315,3,4,25,Self Enquiry,1,24,Salaried,Female,4,Basic,4,Divorced,0,2,0,2,Executive,20888,,
203336,3,4,20,Company Invited,1,17,Small Business,Female,5,Basic,4,Single,1,5,1,2,Executive,20537,,
203359,3,3,22,Company Invited,1,17,Salaried,Female,5,Basic,3,Unmarried,0,4,1,1,Executive,21303,,
203372,3,4,45,Self Enquiry,1,22,Small Business,Female,4,Standard,3,Divorced,0,3,0,2,Senior Manager,26656,,
203376,5,3,30,Self Enquiry,1,14,Large Business,Female,4,Basic,3,Married,1,4,1,2,Executive,22017,,
203383,3,4,33,Self Enquiry,1,14,Salaried,Male,4,Deluxe,3,Divorced,0,3,1,2,Manager,23561,,
203384,2,4,40,Self Enquiry,1,30,Small Business,Male,4,Basic,5,Unmarried,0,3,0,3,Executive,22582,,
203390,4,3,41,Self Enquiry,3,32,Small Business,Male,5,Standard,4,Unmarried,1,5,0,2,Senior Manager,27772,,
203391,2,4,53,Self Enquiry,3,12,Salaried,Male,4,Standard,4,Unmarried,1,4,1,2,Senior Manager,27124,,
203396,3,3,32,Company Invited,3,7,Salaried,Female,4,Basic,4,Single,1,5,1,2,Executive,20980,,
203397,6,3,45,Self Enquiry,1,10,Salaried,Male,4,Basic,5,Divorced,0,5,1,2,Executive,21040,,
203410,2,3,59,Self Enquiry,1,14,Small Business,Female,5,Standard,5,Divorced,1,4,1,1,Senior Manager,28686,,
203419,8,3,56,Self Enquiry,3,20,Small Business,Male,2,Super Deluxe,3,Single,1,3,1,2,AVP,32373,,
203424,2,3,32,Company Invited,3,9,Salaried,Female,5,Basic,3,Unmarried,0,5,0,2,Executive,21463,,
203425,2,4,36,Company Invited,3,25,Small Business,Female,4,Deluxe,3,Divorced,1,5,1,3,Manager,23292,,
203429,3,4,32,Self Enquiry,1,29,Small Business,Male,4,Deluxe,3,Divorced,1,5,1,1,Manager,24857,,
203441,3,3,28,Self Enquiry,1,24,Salaried,Female,4,Basic,3,Single,1,5,1,1,Executive,21072,,
203450,5,4,50,Company Invited,1,35,Salaried,Male,5,Deluxe,5,Unmarried,0,3,0,2,Manager,22962,,
203451,2,3,30,Company Invited,1,21,Salaried,Female,4,Standard,3,Unmarried,1,5,1,1,Senior Manager,26231,,
203465,5,4,26,Self Enquiry,3,16,Salaried,Male,5,Basic,5,Divorced,0,1,1,1,Executive,23078,,
203475,6,3,47,Self Enquiry,3,16,Small Business,Male,4,Standard,3,Married,0,3,0,2,Senior Manager,28774,,
203476,4,3,40,Company Invited,1,9,Salaried,Female,5,Basic,5,Unmarried,1,3,0,1,Executive,22324,,
203477,3,4,32,Company Invited,1,7,Salaried,Female,2,Standard,4,Unmarried,0,3,1,3,Senior Manager,26124,,
203480,8,4,32,Company Invited,1,9,Salaried,Male,4,Basic,3,Divorced,1,3,1,2,Executive,22400,,
203483,3,3,35,Self Enquiry,2,16,Large Business,Female,4,Basic,3,Divorced,0,1,1,1,Executive,21420,,
203500,5,4,29,Company Invited,3,7,Large Business,Male,4,Basic,3,Divorced,0,3,1,1,Executive,21587,,
203501,7,3,30,Company Invited,3,20,Large Business,Female,4,Deluxe,4,Unmarried,0,3,0,2,Manager,24443,,
203502,2,3,35,Self Enquiry,3,31,Small Business,Female,5,Deluxe,4,Unmarried,1,5,1,1,Manager,23277,,
203504,4,3,25,Company Invited,1,16,Small Business,Male,4,Basic,5,Unmarried,1,3,0,2,Executive,21850,,
203512,2,3,29,Company Invited,1,9,Small Business,Male,5,Basic,5,Single,0,4,0,1,Executive,21239,,
203521,8,4,30,Self Enquiry,1,7,Large Business,Male,5,Basic,5,Single,0,3,0,3,Executive,21040,,
203527,5,3,41,Self Enquiry,1,16,Salaried,Male,4,Basic,5,Single,0,1,1,2,Executive,20696,,
203529,3,3,32,Company Invited,1,10,Salaried,Female,4,Basic,3,Unmarried,0,4,1,2,Executive,22762,,
203550,3,4,31,Self Enquiry,3,7,Salaried,Male,5,Deluxe,5,Married,0,4,1,2,Manager,28392,,
203554,3,4,36,Self Enquiry,1,9,Salaried,Female,4,Basic,5,Married,1,1,1,2,Executive,20752,,
203555,2,4,54,Self Enquiry,1,9,Large Business,Female,5,Standard,3,Married,0,5,1,3,Senior Manager,28847,,
203556,6,3,39,Self Enquiry,1,9,Small Business,Male,4,Deluxe,4,Married,0,4,0,1,Manager,23533,,
203580,3,3,29,Self Enquiry,1,31,Small Business,Male,4,Basic,4,Married,1,1,0,1,Executive,21086,,
203597,3,4,19,Company Invited,3,10,Small Business,Female,4,Basic,3,Single,1,5,0,2,Executive,20247,,
203606,2,3,36,Self Enquiry,3,17,Small Business,Male,5,Standard,5,Married,0,5,1,2,Senior Manager,28984,,
203611,8,3,36,Self Enquiry,3,22,Small Business,Male,6,Deluxe,3,Married,1,1,1,2,Manager,24118,,
203615,5,4,41,Self Enquiry,1,14,Salaried,Male,4,Basic,5,Single,1,3,0,2,Executive,20844,,
203630,5,3,36,Company Invited,3,19,Salaried,Male,4,Deluxe,3,Unmarried,1,3,1,1,Manager,23259,,
203645,3,4,24,Self Enquiry,1,15,Small Business,Male,5,Basic,3,Unmarried,1,4,1,3,Executive,22667,,
203648,4,4,49,Company Invited,3,14,Small Business,Female,4,Basic,3,Married,1,4,1,2,Executive,21333,,
203649,3,4,33,Self Enquiry,1,9,Salaried,Male,4,Basic,4,Single,0,3,1,2,Executive,20071,,
203657,3,3,24,Self Enquiry,3,14,Salaried,Male,4,Basic,3,Married,1,1,1,1,Executive,20953,,
203666,3,3,25,Self Enquiry,2,29,Salaried,Male,6,Basic,3,Married,0,1,0,2,Executive,20233,,
203667,2,3,48,Company Invited,3,16,Salaried,Male,6,Super Deluxe,3,Married,0,5,1,2,AVP,31614,,
203680,7,4,37,Self Enquiry,3,20,Small Business,Male,5,Deluxe,5,Married,1,1,1,1,Manager,24812,,
203681,8,3,33,Self Enquiry,3,7,Salaried,Male,6,Deluxe,4,Unmarried,0,3,0,2,Manager,25413,,
203690,8,4,31,Company Invited,2,15,Salaried,Female,5,Basic,3,Married,0,5,1,3,Executive,20858,,
203693,3,3,30,Self Enquiry,3,16,Small Business,Female,6,Basic,4,Unmarried,0,1,1,2,Executive,21438,,
203699,4,4,34,Self Enquiry,3,23,Salaried,Female,4,Standard,5,Unmarried,1,5,0,1,Senior Manager,27242,,
203701,4,4,32,Self Enquiry,3,23,Small Business,Male,4,Standard,3,Married,0,5,1,1,Senior Manager,26839,,
203706,2,3,44,Company Invited,1,24,Large Business,Male,5,Basic,3,Married,1,5,1,2,Executive,21115,,
203715,3,3,22,Self Enquiry,3,14,Small Business,Male,4,Basic,4,Unmarried,0,5,1,2,Executive,21357,,
203717,3,4,23,Self Enquiry,1,15,Small Business,Female,4,Basic,5,Married,1,3,0,2,Executive,21076,,
203723,3,3,45,Company Invited,1,7,Small Business,Male,4,Basic,4,Married,1,3,1,2,Executive,21020,,
203725,3,3,36,Self Enquiry,3,34,Salaried,Male,4,Deluxe,3,Unmarried,1,5,0,1,Manager,24491,,
203734,6,4,35,Company Invited,1,16,Salaried,Male,4,Deluxe,5,Married,0,3,0,2,Manager,24024,,
203735,3,3,38,Self Enquiry,1,17,Small Business,Male,4,Deluxe,5,Unmarried,0,4,0,1,Manager,22891,,
203741,2,4,27,Self Enquiry,2,27,Small Business,Female,4,Basic,4,Married,1,3,0,2,Executive,20826,,
203742,6,4,47,Self Enquiry,1,28,Small Business,Female,4,Deluxe,4,Married,0,3,1,3,Manager,27604,,
203756,2,3,32,Self Enquiry,2,25,Salaried,Male,2,Basic,5,Married,0,1,1,1,Executive,21634,,
203757,6,3,30,Self Enquiry,2,20,Salaried,Male,5,Basic,5,Married,1,5,1,2,Executive,21013,,
203770,2,3,33,Self Enquiry,3,9,Small Business,Male,5,Deluxe,4,Single,1,1,1,1,Manager,28585,,
203776,3,4,30,Company Invited,1,31,Salaried,Male,5,Basic,3,Single,1,3,1,3,Executive,21117,,
203777,7,4,47,Self Enquiry,3,17,Salaried,Female,4,Standard,4,Married,0,1,0,3,Senior Manager,25992,,
203783,3,4,23,Self Enquiry,1,14,Salaried,Male,4,Basic,4,Single,1,3,1,1,Executive,21150,,
203797,3,3,35,Company Invited,1,23,Large Business,Male,6,Basic,5,Married,1,3,1,1,Executive,20985,,
203798,3,4,57,Self Enquiry,1,31,Salaried,Male,4,Basic,3,Single,0,3,0,1,Executive,21265,,
203813,5,3,29,Self Enquiry,3,20,Small Business,Female,4,Deluxe,3,Unmarried,1,5,1,2,Manager,28532,,
203819,5,3,33,Company Invited,1,12,Salaried,Female,2,Basic,3,Single,1,1,0,2,Executive,21110,,
203823,3,3,28,Company Invited,2,29,Salaried,Female,5,Basic,4,Married,0,1,1,1,Executive,21541,,
203834,7,3,29,Self Enquiry,1,24,Large Business,Male,5,Basic,3,Married,0,3,0,2,Executive,21045,,
203839,3,4,32,Company Invited,3,33,Small Business,Male,4,Deluxe,3,Married,1,3,0,2,Manager,24295,,
203840,8,4,54,Self Enquiry,3,31,Salaried,Male,4,Standard,5,Single,1,3,1,3,Senior Manager,29126,,
203882,3,3,24,Company Invited,3,16,Small Business,Male,4,Basic,5,Married,0,5,1,1,Executive,20468,,
203886,2,3,30,Self Enquiry,1,7,Small Business,Male,4,Basic,3,Married,1,3,1,1,Executive,23465,,
203888,2,4,57,Self Enquiry,1,14,Large Business,Male,4,Basic,3,Married,0,4,1,3,Executive,21017,,
203896,2,4,51,Company Invited,3,7,Salaried,Male,4,Deluxe,3,Married,0,3,1,2,Manager,25406,,
203905,6,3,51,Self Enquiry,3,35,Small Business,Male,5,Standard,5,Married,1,5,0,1,Senior Manager,29532,,
203914,2,4,42,Self Enquiry,3,7,Salaried,Female,4,Deluxe,3,Unmarried,1,4,0,3,Manager,24671,,
203916,8,4,38,Self Enquiry,1,9,Salaried,Male,5,Basic,3,Single,1,3,0,3,Executive,20768,,
203928,7,3,29,Self Enquiry,1,31,Salaried,Male,5,Basic,3,Single,1,1,0,1,Executive,20706,,
203935,2,3,37,Self Enquiry,3,16,Salaried,Male,5,Basic,5,Unmarried,0,1,0,1,Executive,22085,,
203938,4,3,35,Self Enquiry,1,13,Small Business,Male,4,Basic,5,Unmarried,0,4,0,1,Executive,21638,,
203940,3,4,33,Company Invited,1,23,Salaried,Female,6,Basic,5,Unmarried,1,4,0,1,Executive,22597,,
203947,5,3,40,Self Enquiry,3,12,Large Business,Male,4,Deluxe,3,Married,0,1,0,1,Manager,20764,,
203948,4,4,25,Self Enquiry,1,7,Small Business,Male,4,Basic,3,Married,1,3,0,3,Executive,20971,,
203950,3,3,51,Self Enquiry,3,10,Small Business,Male,5,Basic,3,Married,1,4,1,2,Executive,21361,,
203956,3,3,27,Self Enquiry,1,32,Salaried,Male,6,Basic,3,Single,0,1,0,1,Executive,20971,,
203959,3,3,42,Self Enquiry,1,19,Large Business,Female,4,King,3,Married,0,4,1,2,VP,38223,,
203964,2,4,49,Self Enquiry,1,7,Salaried,Male,5,Standard,3,Unmarried,1,5,0,1,Senior Manager,24059,,
203965,3,3,29,Self Enquiry,1,12,Large Business,Male,4,Basic,3,Unmarried,1,1,0,1,Executive,22119,,
203983,2,4,37,Self Enquiry,1,16,Small Business,Male,5,Basic,3,Married,1,1,1,3,Executive,22066,,
204003,3,4,47,Self Enquiry,3,16,Small Business,Male,5,Standard,3,Unmarried,0,5,1,3,Senior Manager,28297,,
204014,6,4,38,Self Enquiry,2,13,Salaried,Male,4,Basic,5,Married,1,1,0,3,Executive,20751,,
204016,3,4,21,Company Invited,1,13,Salaried,Female,5,Basic,3,Unmarried,1,1,0,1,Executive,21604,,
204021,3,3,26,Self Enquiry,3,12,Small Business,Male,5,Deluxe,3,Unmarried,1,3,0,2,Manager,24422,,
204025,3,4,35,Company Invited,1,14,Salaried,Male,6,Deluxe,3,Unmarried,1,5,1,1,Manager,24752,,
204036,2,4,57,Self Enquiry,1,21,Salaried,Female,4,Basic,4,Married,1,5,1,1,Executive,23641,,
204038,6,4,32,Self Enquiry,3,13,Salaried,Male,6,Deluxe,3,Married,1,3,0,3,Manager,24850,,
204040,3,4,59,Self Enquiry,1,30,Small Business,Female,4,Standard,3,Married,0,3,1,1,Senior Manager,28990,,
204041,3,3,20,Self Enquiry,3,29,Small Business,Male,4,Basic,3,Single,1,1,1,1,Executive,20353,,
204046,5,4,32,Self Enquiry,3,27,Salaried,Female,6,Deluxe,3,Married,1,3,0,3,Manager,23237,,
204050,4,3,52,Company Invited,1,15,Salaried,Male,6,Standard,3,Single,0,1,1,1,Senior Manager,29328,,
204054,2,3,33,Self Enquiry,1,16,Small Business,Female,4,Basic,5,Unmarried,0,4,1,1,Executive,22878,,
204085,2,4,20,Company Invited,3,7,Large Business,Female,6,Basic,5,Single,0,3,1,1,Executive,21003,,
204096,3,4,42,Self Enquiry,3,27,Small Business,Female,4,Basic,4,Unmarried,1,4,0,2,Executive,21818,,
204106,5,3,36,Self Enquiry,1,30,Salaried,Male,5,Deluxe,3,Married,1,4,1,1,Manager,24594,,
204118,2,4,39,Self Enquiry,1,36,Small Business,Male,4,Deluxe,5,Married,1,3,1,3,Manager,25351,,
204119,3,3,30,Self Enquiry,3,34,Small Business,Female,4,Standard,3,Married,0,3,0,1,Senior Manager,26317,,
204124,3,3,33,Self Enquiry,3,11,Small Business,Male,6,Standard,3,Married,0,1,1,1,Senior Manager,29078,,
204128,7,3,31,Self Enquiry,1,10,Large Business,Female,4,Basic,5,Unmarried,1,4,0,1,Executive,21335,,
204130,7,3,31,Company Invited,3,33,Small Business,Female,5,Deluxe,5,Unmarried,0,1,1,2,Manager,25374,,
204131,2,3,30,Self Enquiry,1,7,Large Business,Male,4,Basic,3,Single,0,1,0,1,Executive,20736,,
204143,3,3,30,Self Enquiry,1,25,Small Business,Male,5,Basic,3,Single,1,3,0,1,Executive,21067,,
204148,7,3,34,Self Enquiry,1,21,Small Business,Male,4,Basic,3,Married,1,1,1,2,Executive,21114,,
204150,2,3,34,Self Enquiry,1,9,Salaried,Female,4,Basic,5,Married,0,3,1,2,Executive,21385,,
204153,2,4,33,Self Enquiry,1,7,Salaried,Male,5,Basic,3,Unmarried,1,5,0,3,Executive,22408,,
204164,8,4,38,Company Invited,1,17,Small Business,Male,4,Standard,3,Married,0,3,0,3,Senior Manager,28726,,
204173,2,4,32,Company Invited,1,36,Small Business,Male,5,Basic,4,Unmarried,0,3,0,3,Executive,22157,,
204178,4,4,29,Self Enquiry,1,9,Salaried,Male,4,Basic,3,Unmarried,0,4,0,2,Executive,22163,,
204185,3,3,48,Company Invited,1,36,Salaried,Male,4,Standard,4,Married,1,3,1,1,Senior Manager,30527,,
204200,5,3,45,Company Invited,1,31,Salaried,Male,4,Basic,3,Married,1,5,0,2,Executive,21839,,
204202,4,3,27,Self Enquiry,1,23,Small Business,Male,4,Basic,4,Married,1,1,1,1,Executive,21051,,
204207,3,3,27,Self Enquiry,3,11,Small Business,Male,5,Deluxe,3,Unmarried,1,1,1,1,Manager,24506,,
204210,3,3,19,Self Enquiry,1,10,Small Business,Male,4,Basic,3,Single,0,4,1,1,Executive,20098,,
204231,4,3,53,Self Enquiry,1,15,Small Business,Male,5,Deluxe,4,Married,0,1,1,1,Manager,23619,,
204237,7,3,29,Self Enquiry,1,9,Small Business,Male,6,Basic,3,Married,1,3,1,2,Executive,22142,,
204241,6,3,40,Self Enquiry,3,10,Small Business,Female,4,Deluxe,3,Married,1,4,1,2,Manager,23916,,
204250,3,4,30,Self Enquiry,1,15,Salaried,Male,6,Basic,5,Married,1,3,0,2,Executive,20797,,
204271,3,4,22,Company Invited,3,7,Large Business,Female,5,Basic,4,Single,1,5,1,3,Executive,20852,,
204277,3,3,34,Self Enquiry,3,12,Small Business,Female,4,Basic,3,Unmarried,1,1,0,2,Executive,21529,,
204280,3,3,42,Company Invited,3,11,Small Business,Male,4,Deluxe,4,Unmarried,0,3,1,1,Manager,28033,,
204282,4,4,41,Self Enquiry,3,29,Small Business,Male,5,Deluxe,3,Married,1,3,1,1,Manager,25058,,
204284,3,3,22,Self Enquiry,3,19,Salaried,Female,2,Basic,4,Unmarried,0,5,0,2,Executive,21394,,
204292,2,4,35,Company Invited,3,26,Small Business,Male,2,Deluxe,3,Unmarried,1,1,0,1,Manager,23982,,
204296,2,4,27,Company Invited,1,10,Large Business,Male,4,Basic,5,Unmarried,0,3,0,2,Executive,21780,,
204299,2,3,31,Company Invited,1,11,Large Business,Male,4,Basic,3,Single,1,4,1,1,Executive,20963,,
204319,7,4,26,Self Enquiry,1,10,Small Business,Male,4,Basic,5,Married,0,5,1,2,Executive,22709,,
204328,3,4,25,Self Enquiry,3,7,Large Business,Female,4,Basic,4,Unmarried,1,4,0,1,Executive,21880,,
204329,2,3,35,Company Invited,3,13,Small Business,Female,6,Basic,3,Married,0,4,0,2,Executive,21029,,
204335,7,4,30,Self Enquiry,1,32,Large Business,Female,5,Basic,4,Married,0,3,1,3,Executive,21224,,
204336,3,3,20,Self Enquiry,2,9,Large Business,Male,5,Basic,3,Single,0,3,0,1,Executive,21242,,
204349,2,3,34,Self Enquiry,1,22,Small Business,Male,4,Standard,3,Married,1,5,1,1,Senior Manager,32288,,
204350,2,3,34,Self Enquiry,1,17,Small Business,Male,6,Basic,3,Married,0,5,0,1,Executive,22086,,
204353,5,4,32,Company Invited,1,27,Salaried,Male,4,Standard,3,Married,0,3,1,1,Senior Manager,28502,,
204354,2,3,35,Company Invited,2,30,Salaried,Female,4,Standard,5,Married,1,3,1,1,Senior Manager,28628,,
204357,7,4,23,Company Invited,1,11,Large Business,Male,5,Basic,3,Unmarried,0,5,0,1,Executive,22572,,
204367,2,3,27,Company Invited,2,24,Salaried,Female,4,Basic,3,Married,1,5,0,2,Executive,21419,,
204371,3,4,19,Company Invited,3,12,Small Business,Male,4,Basic,4,Single,1,4,1,1,Executive,20556,,
204377,3,4,27,Self Enquiry,1,31,Large Business,Male,6,Basic,3,Single,1,3,0,2,Executive,21018,,
204383,2,3,33,Company Invited,3,18,Salaried,Male,2,Deluxe,3,Married,0,3,1,1,Manager,23385,,
204393,3,3,25,Company Invited,1,14,Salaried,Female,4,Basic,3,Married,1,4,0,1,Executive,21564,,
204394,3,4,31,Company Invited,3,19,Salaried,Male,5,Basic,5,Married,0,5,1,3,Executive,20711,,
204396,4,3,32,Self Enquiry,3,20,Small Business,Male,4,Deluxe,5,Married,0,1,0,2,Manager,22911,,
204409,2,3,28,Self Enquiry,3,9,Small Business,Male,4,Basic,5,Married,0,5,1,2,Executive,21719,,
204418,4,4,46,Company Invited,3,33,Salaried,Female,4,Deluxe,5,Married,0,1,0,3,Manager,22964,,
204428,3,4,34,Company Invited,1,10,Salaried,Male,4,Basic,5,Unmarried,1,5,1,1,Executive,22026,,
204439,2,4,25,Self Enquiry,3,10,Salaried,Female,4,Deluxe,3,Unmarried,0,1,1,2,Manager,23255,,
204442,5,3,51,Company Invited,3,15,Large Business,Male,4,Deluxe,3,Married,1,5,0,1,Manager,25474,,
204454,2,4,29,Self Enquiry,1,7,Salaried,Female,6,Basic,4,Single,1,1,1,3,Executive,20894,,
204461,8,3,43,Company Invited,1,26,Small Business,Male,2,Basic,3,Married,1,3,0,1,Executive,21437,,
204476,3,4,34,Self Enquiry,1,7,Salaried,Male,4,Basic,3,Unmarried,1,3,1,1,Executive,21364,,
204480,6,4,48,Company Invited,3,34,Salaried,Female,2,Deluxe,3,Unmarried,1,4,0,2,Manager,25075,,
204487,8,3,27,Self Enquiry,3,15,Large Business,Male,5,Deluxe,5,Unmarried,0,3,0,1,Manager,24004,,
204499,3,4,24,Self Enquiry,1,13,Salaried,Male,2,Basic,5,Married,1,3,0,1,Executive,20279,,
204503,3,3,30,Self Enquiry,1,7,Salaried,Female,5,Basic,5,Married,1,1,0,1,Executive,20997,,
204505,7,4,34,Self Enquiry,3,23,Small Business,Female,4,Deluxe,5,Unmarried,0,3,1,1,Manager,24002,,
204512,8,3,29,Self Enquiry,1,9,Small Business,Male,4,Basic,3,Unmarried,0,3,1,2,Executive,23060,,
204521,3,3,50,Self Enquiry,3,18,Small Business,Female,4,Standard,3,Married,0,4,0,1,Senior Manager,26332,,
204522,6,3,56,Self Enquiry,3,9,Small Business,Male,4,Deluxe,3,Unmarried,0,1,1,1,Manager,23838,,
204528,3,3,27,Company Invited,1,12,Small Business,Female,5,Basic,3,Married,1,1,0,2,Executive,21044,,
204550,3,4,36,Company Invited,1,32,Salaried,Female,4,Basic,4,Married,1,3,1,2,Executive,20700,,
204559,8,3,30,Self Enquiry,3,7,Small Business,Female,5,Basic,3,Married,1,1,1,2,Executive,21478,,
204570,3,3,33,Self Enquiry,1,32,Salaried,Male,4,Basic,3,Unmarried,1,5,0,1,Executive,21473,,
204574,2,3,59,Company Invited,1,9,Salaried,Male,5,Basic,3,Married,1,1,1,1,Executive,21058,,
204576,3,3,21,Self Enquiry,3,9,Small Business,Female,5,Basic,3,Single,0,4,1,1,Executive,20722,,
204577,3,4,22,Self Enquiry,1,25,Salaried,Female,4,Basic,3,Unmarried,0,3,1,3,Executive,21371,,
204580,2,3,23,Self Enquiry,1,10,Salaried,Female,4,Deluxe,3,Married,1,5,1,2,Manager,22849,,
204581,6,3,42,Self Enquiry,1,9,Salaried,Female,6,Basic,3,Married,1,3,0,2,Executive,21456,,
204583,2,4,40,Self Enquiry,1,13,Small Business,Male,4,Basic,5,Married,1,1,1,2,Executive,21082,,
204597,3,3,26,Self Enquiry,3,26,Small Business,Male,5,Basic,4,Married,1,1,0,2,Executive,21091,,
204602,3,3,20,Self Enquiry,3,28,Salaried,Male,5,Basic,4,Single,1,1,1,2,Executive,20799,,
204603,3,3,21,Self Enquiry,1,11,Large Business,Male,4,Basic,5,Unmarried,0,3,1,1,Executive,21651,,
204607,3,3,37,Self Enquiry,3,10,Salaried,Male,5,Standard,3,Married,1,1,1,1,Senior Manager,29003,,
204609,7,3,38,Self Enquiry,3,7,Salaried,Male,5,Standard,3,Married,0,1,1,2,Senior Manager,29287,,
204614,6,3,59,Self Enquiry,1,9,Large Business,Male,4,Basic,3,Single,0,1,0,1,Executive,21157,,
204620,6,4,41,Company Invited,3,31,Salaried,Female,2,Super Deluxe,4,Single,1,3,1,1,AVP,31872,,
204623,2,3,32,Company Invited,1,16,Small Business,Male,5,Basic,5,Single,1,3,0,2,Executive,20999,,
204625,8,4,30,Self Enquiry,1,17,Salaried,Female,5,Basic,5,Single,1,5,1,1,Executive,21082,,
204634,6,3,31,Self Enquiry,1,29,Salaried,Female,4,Basic,3,Married,1,1,0,1,Executive,20810,,
204639,3,3,36,Self Enquiry,1,21,Salaried,Male,5,Basic,4,Married,1,5,1,2,Executive,22421,,
204645,3,4,21,Self Enquiry,1,18,Small Business,Female,5,Basic,5,Unmarried,1,3,1,3,Executive,21278,,
204646,2,3,31,Company Invited,1,12,Small Business,Female,4,Basic,4,Single,0,3,0,1,Executive,21100,,
204658,7,4,38,Self Enquiry,1,18,Small Business,Female,6,Deluxe,4,Married,0,4,1,1,Manager,23455,,
204662,2,4,27,Company Invited,3,36,Small Business,Male,6,Deluxe,5,Unmarried,0,3,1,2,Manager,23647,,
204666,3,3,37,Self Enquiry,1,23,Salaried,Female,2,Basic,5,Unmarried,0,1,1,1,Executive,21421,,
204675,2,3,37,Self Enquiry,1,22,Salaried,Male,4,Deluxe,3,Married,0,4,0,2,Manager,23512,,
204676,8,3,27,Company Invited,1,9,Salaried,Male,4,Basic,5,Married,1,5,0,1,Executive,20720,,
204690,3,3,21,Company Invited,3,16,Small Business,Female,4,Basic,3,Single,1,4,1,1,Executive,21001,,
204691,3,3,22,Self Enquiry,1,17,Salaried,Female,5,Basic,5,Single,0,3,0,2,Executive,20094,,
204693,2,3,52,Self Enquiry,1,11,Salaried,Male,4,Basic,3,Married,1,1,0,1,Executive,21139,,
204694,3,4,29,Company Invited,1,31,Large Business,Male,5,Standard,5,Unmarried,0,1,1,2,Senior Manager,27400,,
204703,2,4,45,Self Enquiry,2,7,Small Business,Male,5,Standard,5,Married,0,4,1,1,Senior Manager,29160,,
204705,2,3,36,Self Enquiry,3,11,Large Business,Male,4,Standard,5,Unmarried,1,4,1,2,Senior Manager,28260,,
204706,3,3,34,Company Invited,1,36,Small Business,Female,5,Deluxe,3,Unmarried,0,5,1,1,Manager,23186,,
204710,3,3,26,Self Enquiry,1,11,Large Business,Male,4,Basic,3,Married,1,3,1,2,Executive,22369,,
204711,3,3,27,Self Enquiry,1,28,Small Business,Male,4,Basic,3,Married,0,5,1,1,Executive,21055,,
204712,6,3,34,Self Enquiry,1,32,Small Business,Male,5,Basic,4,Single,1,4,1,1,Executive,20991,,
204714,3,3,29,Company Invited,1,7,Small Business,Male,5,Basic,4,Married,0,4,1,1,Executive,21274,,
204715,5,3,51,Company Invited,3,7,Salaried,Male,4,Deluxe,3,Unmarried,1,1,1,2,Manager,23406,,
204727,2,3,40,Company Invited,1,9,Salaried,Male,4,Super Deluxe,3,Married,0,3,1,1,AVP,30847,,
204742,3,4,19,Company Invited,1,15,Small Business,Male,4,Basic,3,Single,0,5,1,1,Executive,20582,,
204743,2,4,34,Self Enquiry,3,16,Small Business,Female,4,Deluxe,5,Unmarried,1,3,0,1,Manager,26902,,
204745,3,4,32,Company Invited,1,22,Small Business,Male,4,Basic,3,Married,0,4,1,1,Executive,21288,,
204750,3,3,30,Self Enquiry,3,30,Salaried,Female,5,Standard,5,Married,0,3,1,2,Senior Manager,26014,,
204752,2,3,43,Company Invited,3,19,Salaried,Male,4,Super Deluxe,5,Single,1,5,1,2,AVP,32436,,
204756,3,4,29,Self Enquiry,1,19,Salaried,Female,4,Basic,3,Married,1,4,1,2,Executive,21193,,
204763,2,3,44,Self Enquiry,3,16,Small Business,Female,6,Deluxe,3,Unmarried,0,1,0,1,Manager,24024,,
204771,3,4,45,Self Enquiry,1,17,Salaried,Male,4,Basic,3,Unmarried,1,3,1,1,Executive,21614,,
204774,2,3,23,Company Invited,1,10,Salaried,Male,5,Basic,3,Married,1,3,0,2,Executive,21531,,
204778,8,4,42,Company Invited,1,12,Salaried,Male,5,Basic,5,Married,0,3,0,2,Executive,20785,,
204785,3,4,25,Self Enquiry,1,24,Salaried,Female,4,Basic,4,Married,0,1,1,3,Executive,20888,,
204806,3,4,20,Company Invited,1,17,Small Business,Female,5,Basic,4,Single,1,5,0,3,Executive,20537,,
204815,3,4,49,Company Invited,3,31,Salaried,Male,6,Basic,3,Single,1,1,1,3,Executive,21237,,
204816,4,4,28,Self Enquiry,3,9,Small Business,Female,6,King,4,Single,1,5,1,2,VP,21195,,
204817,3,3,30,Company Invited,1,17,Salaried,Female,5,Basic,3,Unmarried,0,4,1,1,Executive,25301,,
204820,3,4,35,Self Enquiry,1,14,Salaried,Male,4,Deluxe,3,Married,0,3,0,1,Manager,21263,,
204822,4,3,34,Self Enquiry,3,32,Small Business,Male,5,Standard,4,Unmarried,1,5,1,1,Senior Manager,27058,,
204823,2,4,20,Self Enquiry,3,12,Salaried,Male,4,Standard,4,Unmarried,1,4,1,1,Senior Manager,21672,,
204824,3,3,24,Company Invited,3,8,Salaried,Female,4,Basic,4,Single,1,5,1,2,Executive,19901,,
204826,2,3,27,Self Enquiry,1,14,Small Business,Female,5,Standard,5,Married,1,4,1,2,Senior Manager,21553,,
204828,2,3,56,Company Invited,3,9,Salaried,Female,5,Basic,3,Single,0,5,0,1,Executive,32255,,
204829,2,4,22,Company Invited,3,25,Small Business,Female,4,Deluxe,3,Married,1,5,0,2,Manager,21303,,
204831,3,3,35,Self Enquiry,1,24,Salaried,Female,4,Basic,3,Unmarried,1,5,1,1,Executive,23216,,
204833,2,3,60,Company Invited,1,21,Salaried,Female,4,Standard,3,Single,1,5,1,1,Senior Manager,29190,,
204834,3,3,35,Company Invited,3,8,Salaried,Female,6,Basic,3,Unmarried,0,3,0,2,Executive,23122,,
204835,3,3,29,Self Enquiry,1,15,Salaried,Female,5,Basic,4,Single,0,4,0,2,Executive,20832,,
204837,6,3,35,Self Enquiry,3,16,Small Business,Male,4,Standard,3,Married,0,3,1,2,Senior Manager,23168,,
204838,4,3,36,Company Invited,1,9,Salaried,Female,5,Basic,5,Unmarried,1,3,0,1,Executive,22184,,
204839,3,4,43,Company Invited,1,8,Salaried,Female,2,Standard,4,Single,0,3,1,1,Senior Manager,21050,,
204840,8,4,44,Company Invited,1,9,Salaried,Male,4,Basic,3,Married,1,3,0,1,Executive,28909,,
204841,3,3,37,Self Enquiry,2,16,Large Business,Female,4,Basic,3,Married,0,1,1,1,Executive,24088,,
204842,5,4,45,Company Invited,3,8,Large Business,Male,4,Basic,3,Married,0,3,1,2,Executive,26656,,
204843,7,3,29,Company Invited,3,20,Large Business,Female,4,Deluxe,4,Unmarried,0,3,1,1,Manager,22545,,
204844,2,3,52,Self Enquiry,3,31,Small Business,Female,5,Deluxe,4,Unmarried,1,5,1,2,Manager,21516,,
204845,4,3,31,Company Invited,1,16,Small Business,Male,4,Basic,5,Unmarried,1,3,0,2,Executive,23373,,
204846,2,3,30,Company Invited,1,9,Small Business,Male,5,Basic,5,Unmarried,0,4,1,2,Executive,22017,,
204847,8,4,29,Self Enquiry,1,8,Large Business,Male,5,Basic,5,Single,0,3,1,2,Executive,20758,,
204848,5,3,26,Self Enquiry,1,16,Salaried,Male,4,Basic,5,Single,0,1,1,1,Executive,20774,,
204849,3,3,33,Company Invited,1,10,Salaried,Female,4,Basic,3,Unmarried,0,4,1,1,Executive,24887,,
204852,2,4,59,Self Enquiry,1,9,Large Business,Female,5,Standard,3,Married,0,5,0,1,Senior Manager,21050,,
204853,6,3,33,Self Enquiry,1,9,Small Business,Male,4,Deluxe,4,Married,0,4,1,2,Manager,23561,,
204854,3,3,40,Self Enquiry,1,31,Small Business,Male,4,Basic,4,Married,1,1,0,1,Executive,22582,,
204855,3,4,31,Company Invited,3,10,Small Business,Female,4,Basic,3,Unmarried,1,5,1,2,Executive,23305,,
204856,2,3,37,Self Enquiry,3,17,Small Business,Male,5,Standard,5,Married,0,5,0,1,Senior Manager,25772,,
204857,8,3,47,Self Enquiry,3,22,Small Business,Male,6,Deluxe,3,Married,1,1,0,2,Manager,22101,,
204858,5,4,29,Self Enquiry,1,14,Salaried,Male,4,Basic,5,Unmarried,1,3,0,3,Executive,25352,,
204859,5,3,51,Company Invited,3,19,Salaried,Male,4,Deluxe,3,Single,1,3,1,2,Manager,35558,,
204860,3,4,41,Self Enquiry,1,15,Small Business,Male,5,Basic,3,Unmarried,1,4,1,3,Executive,27772,,
204861,4,4,53,Company Invited,3,14,Small Business,Female,4,Basic,3,Married,1,4,1,3,Executive,27124,,
204862,3,4,31,Self Enquiry,1,9,Salaried,Male,4,Basic,4,Single,0,3,0,1,Executive,30594,,
204863,3,4,40,Self Enquiry,3,14,Salaried,Male,4,Basic,3,Married,1,1,1,3,Executive,23212,,
204864,3,3,32,Self Enquiry,2,29,Salaried,Male,6,Basic,3,Married,0,1,0,2,Executive,28530,,
204865,2,3,42,Company Invited,3,16,Salaried,Male,6,Super Deluxe,3,Married,0,5,1,2,AVP,24829,,
204866,7,4,32,Self Enquiry,3,20,Small Business,Male,5,Deluxe,5,Married,1,1,1,1,Manager,20980,,
204867,8,3,45,Self Enquiry,3,8,Salaried,Male,6,Deluxe,4,Single,0,3,0,2,Manager,21040,,
204871,4,4,41,Self Enquiry,3,23,Small Business,Male,4,Standard,3,Married,0,5,0,2,Senior Manager,22222,,
204872,2,3,35,Company Invited,1,24,Large Business,Male,5,Basic,3,Married,1,5,1,2,Executive,27178,,
204873,3,3,41,Self Enquiry,3,14,Small Business,Male,4,Basic,4,Unmarried,0,5,0,1,Executive,23339,,
204874,3,4,42,Self Enquiry,1,15,Small Business,Female,4,Basic,5,Married,1,3,0,3,Executive,22781,,
204875,3,4,36,Company Invited,1,8,Small Business,Male,4,Basic,4,Married,1,3,1,1,Executive,22927,,
204876,3,3,52,Self Enquiry,3,34,Salaried,Male,4,Deluxe,3,Single,1,5,1,2,Manager,32704,,
204877,6,4,39,Company Invited,1,16,Salaried,Male,4,Deluxe,5,Married,0,3,0,3,Manager,25571,,
204878,3,3,35,Self Enquiry,1,17,Small Business,Male,4,Deluxe,5,Unmarried,0,4,0,1,Manager,24803,,
204879,2,4,26,Self Enquiry,2,27,Small Business,Female,4,Basic,4,Married,1,3,0,2,Executive,22347,,
204880,6,4,59,Self Enquiry,1,28,Small Business,Female,4,Deluxe,4,Married,0,3,1,2,Manager,28686,,
204881,2,3,41,Self Enquiry,2,25,Salaried,Male,2,Basic,5,Married,0,1,1,2,Executive,21065,,
204882,6,3,37,Self Enquiry,2,20,Salaried,Male,5,Basic,5,Married,1,5,1,2,Executive,23317,,
204883,2,3,49,Self Enquiry,3,9,Small Business,Male,5,Deluxe,4,Unmarried,1,1,1,1,Manager,26576,,
204884,3,4,28,Company Invited,1,31,Salaried,Male,5,Basic,3,Single,1,3,1,2,Executive,21212,,
204885,7,4,52,Self Enquiry,3,17,Salaried,Female,4,Standard,4,Married,0,1,1,3,Senior Manager,31820,,
204886,3,3,19,Self Enquiry,3,16,Small Business,Male,4,Basic,3,Single,0,5,0,2,Executive,20289,,
204887,3,4,36,Self Enquiry,1,14,Salaried,Male,4,Basic,4,Unmarried,1,3,1,2,Executive,24041,,
